numbers,power_ball
"28, 45, 53, 56, 69",10
"2, 11, 22, 35, 60",20
"13, 19, 36, 39, 59",23
"19, 31, 40, 46, 57",13
"19, 36, 37, 46, 56",23
"18, 23, 35, 45, 54",24
"19, 25, 48, 55, 60",16
"6, 8, 15, 27, 42",18
"19, 30, 36, 46, 60",10
"32, 37, 40, 58, 62",25
"14, 30, 41, 42, 59",15
"3, 6, 11, 17, 22",6
"13, 43, 53, 60, 68",11
"26, 30, 33, 37, 62",5
"2, 16, 22, 55, 63",6
"8, 21, 22, 65, 69",22
"6, 10, 24, 33, 67",26
"13, 20, 31, 33, 59",11
"3, 9, 21, 24, 29",20
"6, 33, 34, 45, 54",14
"7, 15, 36, 46, 67",7
"5, 25, 36, 51, 61",7
"9, 10, 20, 22, 52",1
"6, 14, 16, 34, 66",25
"38, 42, 56, 68, 69",25
"3, 16, 30, 33, 36",4
"4, 7, 32, 55, 64",20
"18, 27, 49, 65, 69",25
"7, 8, 19, 24, 28",9
"13, 36, 43, 61, 69",1
"2, 18, 56, 60, 65",18
"6, 24, 35, 37, 44",14
"12, 27, 34, 55, 67",22
"5, 9, 11, 16, 66",9
"23, 28, 41, 50, 55",7
"20, 24, 47, 50, 63",24
"19, 24, 35, 43, 62",5
"29, 44, 59, 61, 68",2
"32, 45, 51, 57, 58",19
"8, 15, 46, 56, 68",12
"9, 21, 56, 57, 66",3
"15, 21, 31, 36, 65",11
"4, 17, 57, 58, 68",16
"1, 25, 44, 55, 57",12
"25, 37, 38, 39, 65",26
"39, 41, 54, 59, 62",5
"10, 20, 23, 49, 65",12
"14, 34, 36, 50, 58",22
"3, 18, 23, 32, 57",5
"22, 23, 36, 47, 63",21
"4, 26, 34, 37, 52",2
"14, 22, 42, 46, 52",9
"32, 36, 49, 62, 69",24
"15, 16, 24, 31, 56",13
"9, 10, 37, 59, 62",4
"8, 40, 49, 58, 63",26
"11, 13, 18, 30, 37",14
"6, 12, 20, 27, 32",16
"6, 10, 31, 48, 56",4
"3, 44, 61, 63, 69",12
"10, 19, 40, 45, 58",13
"19, 28, 41, 42, 51",25
"2, 27, 42, 44, 51",7
"18, 20, 26, 53, 69",25
"22, 39, 43, 62, 64",5
"2, 10, 35, 44, 46",7
"14, 16, 36, 52, 60",4
"11, 41, 56, 57, 63",16
"27, 28, 51, 68, 69",2
"2, 39, 50, 61, 66",22
"19, 28, 39, 42, 57",15
"1, 33, 37, 39, 42",17
"14, 15, 25, 52, 58",26
"40, 41, 58, 64, 65",11
"7, 15, 22, 36, 64",17
"6, 40, 41, 45, 52",13
"5, 7, 61, 63, 69",9
"18, 30, 35, 52, 56",18
"4, 5, 6, 28, 67",5
"37, 39, 55, 63, 69",10
"18, 27, 33, 39, 44",23
"14, 21, 37, 44, 63",8
"11, 36, 61, 62, 68",1
"12, 18, 20, 39, 61",4
"10, 39, 47, 49, 56",10
"20, 30, 45, 55, 56",8
"8, 33, 55, 59, 62",14
"15, 21, 32, 62, 65",18
"14, 16, 41, 63, 68",26
"5, 7, 24, 31, 34",26
"6, 16, 31, 62, 66",4
"6, 42, 45, 47, 64",18
"2, 32, 39, 46, 69",18
"6, 28, 47, 58, 59",6
"3, 7, 21, 31, 37",18
"11, 18, 39, 58, 62",11
"2, 10, 50, 59, 61",3
"31, 32, 37, 38, 48",6
"1, 15, 26, 63, 65",24
"8, 9, 18, 48, 52",16
"3, 28, 34, 35, 58",6
"21, 28, 32, 44, 49",17
"19, 20, 37, 39, 61",6
"13, 22, 34, 51, 67",8
"10, 43, 55, 59, 67",10
"8, 23, 37, 52, 63",2
"19, 37, 48, 61, 63",13
"7, 21, 39, 47, 55",12
"15, 32, 36, 48, 64",19
"6, 17, 21, 35, 64",19
"2, 36, 37, 45, 69",18
"3, 10, 15, 33, 42",3
"22, 30, 40, 42, 48",11
"16, 25, 27, 49, 55",16
"8, 10, 21, 41, 62",17
"2, 17, 33, 51, 63",7
"5, 15, 38, 47, 65",26
"5, 16, 27, 39, 61",10
"18, 29, 33, 62, 63",24
"10, 15, 51, 61, 69",15
"2, 15, 38, 54, 65",14
"4, 11, 38, 49, 69",11
"11, 29, 30, 47, 53",16
"8, 14, 33, 36, 67",16
"11, 15, 43, 55, 61",17
"9, 24, 35, 46, 65",10
"3, 18, 37, 51, 59",22
"12, 21, 22, 30, 33",13
"14, 17, 18, 21, 27",24
"20, 21, 36, 60, 65",9
"6, 14, 25, 33, 46",13
"2, 13, 32, 33, 48",17
"6, 12, 39, 48, 50",22
"2, 6, 9, 33, 39",7
"36, 38, 45, 62, 64",11
"27, 29, 45, 55, 58",19
"7, 16, 19, 48, 68",2
"2, 13, 23, 34, 66",15
"2, 6, 24, 51, 61",2
"19, 20, 40, 42, 59",1
"10, 30, 37, 53, 59",15
"3, 25, 44, 53, 64",4
"3, 7, 33, 50, 69",10
"3, 21, 38, 50, 59",24
"10, 40, 45, 56, 67",6
"12, 15, 38, 57, 63",2
"18, 26, 28, 38, 47",24
"8, 32, 55, 64, 66",17
"10, 16, 32, 63, 65",10
"7, 20, 29, 38, 67",17
"40, 43, 48, 59, 69",22
"3, 16, 48, 52, 60",19
"5, 31, 34, 51, 53",1
"8, 15, 26, 35, 45",23
"19, 25, 43, 46, 48",9
"21, 46, 47, 57, 62",14
"8, 30, 48, 57, 64",8
"1, 2, 24, 50, 57",9
"9, 25, 34, 44, 45",26
"5, 23, 28, 43, 56",8
"3, 6, 26, 35, 51",19
"10, 27, 29, 44, 58",17
"10, 30, 51, 57, 63",24
"7, 29, 36, 41, 43",20
"30, 32, 48, 53, 63",5
"30, 31, 41, 42, 48",12
"23, 29, 47, 59, 60",3
"11, 20, 33, 39, 65",15
"12, 17, 30, 45, 62",24
"1, 17, 52, 58, 64",5
"12, 22, 54, 66, 69",1
"28, 38, 42, 47, 52",15
"2, 7, 11, 17, 32",1
"21, 22, 39, 44, 60",11
"22, 23, 37, 62, 63",12
"20, 40, 47, 55, 63",19
"37, 51, 54, 58, 60",5
"5, 36, 39, 45, 57",19
"1, 4, 18, 46, 62",11
"37, 40, 50, 61, 63",25
"20, 31, 38, 40, 49",21
"9, 22, 41, 47, 61",21
"11, 20, 22, 33, 54",21
"32, 35, 40, 52, 54",24
"10, 20, 29, 48, 51",1
"3, 15, 45, 51, 61",17
"12, 22, 26, 46, 59",8
"27, 39, 54, 56, 59",26
"17, 36, 47, 60, 61",24
"16, 28, 36, 39, 59",15
"35, 36, 51, 55, 61",4
"6, 21, 49, 65, 67",26
"12, 18, 20, 29, 30",18
"7, 24, 36, 54, 60",16
"5, 21, 32, 36, 58",23
"1, 21, 22, 34, 47",14
"25, 30, 53, 59, 60",4
"1, 4, 11, 59, 67",5
"27, 28, 44, 67, 68",10
"15, 22, 38, 54, 66",11
"33, 46, 52, 59, 62",3
"1, 5, 29, 54, 62",10
"8, 21, 30, 49, 57",3
"26, 40, 41, 55, 65",8
"24, 29, 50, 65, 66",24
"8, 31, 39, 43, 60",14
"13, 20, 40, 51, 63",17
"4, 22, 35, 38, 39",1
"19, 29, 34, 44, 50",20
"8, 25, 34, 38, 41",25
"19, 28, 46, 50, 54",10
"19, 28, 46, 50, 54",9
"44, 52, 54, 64, 69",9
"6, 7, 11, 66, 67",26
"11, 13, 22, 27, 46",19
"2, 8, 21, 34, 62",20
"3, 19, 27, 37, 40",16
"11, 13, 55, 56, 69",8
"21, 25, 32, 63, 67",4
"10, 21, 26, 41, 49",6
"13, 30, 33, 45, 61",25
"14, 16, 23, 50, 53",14
"27, 35, 39, 51, 66",3
"1, 12, 17, 39, 53",16
"3, 10, 44, 55, 68",5
"6, 14, 38, 39, 65",24
"4, 9, 17, 27, 38",6
"1, 6, 22, 42, 61",18
"34, 38, 42, 61, 62",4
"5, 11, 51, 56, 61",19
"17, 18, 37, 44, 53",2
"11, 31, 50, 52, 58",18
"21, 40, 44, 50, 55",18
"2, 28, 31, 44, 52",16
"4, 33, 43, 53, 65",18
"4, 8, 22, 32, 58",21
"1, 15, 21, 32, 46",4
"20, 28, 33, 63, 68",1
"15, 39, 58, 63, 67",20
"1, 16, 48, 49, 65",7
"5, 37, 40, 64, 66",8
"1  , 1, 2, 7, 52, 61",5
"17, 33, 35, 42, 52",4
"5, 8, 17, 27, 28",9
"40, 53, 60, 68, 69",14
"14, 20, 39, 65, 67",22
"4, 19, 23, 25, 49",2
"14, 26, 38, 45, 46",14
"1, 20, 22, 60, 66",13
"3, 4, 11, 41, 67",3
"3, 43, 45, 61, 65",5
"10, 24, 27, 35, 53",14
"6, 13, 38, 39, 53",18
"27, 32, 34, 43, 52",6
"4, 23, 37, 61, 67",13
"17, 54, 56, 63, 69",7
"11, 14, 31, 47, 48",20
"3, 4, 6, 48, 53",4
"28, 31, 40, 41, 46",10
"8, 12, 18, 44, 51",4
"2, 57, 58, 60, 65",18
"51, 54, 57, 60, 69",26
"4, 5, 17, 43, 52",11
"7, 15, 18, 32, 45",5
"13, 15, 17, 45, 63",20
"14, 16, 37, 48, 58",13
"23, 32, 33, 45, 49",18
"2, 6, 40, 42, 55",14
"11, 28, 37, 40, 53",24
"18, 20, 27, 45, 65",13
"1, 3, 13, 44, 56",6
"6, 10, 31, 37, 44",26
"21, 37, 52, 53, 58",23
"5, 18, 23, 40, 50",5
"6, 24, 30, 53, 56",18
"18, 31, 36, 43, 47",19
"14, 18, 36, 49, 67",20
"11, 21, 27, 36, 62",18
"8, 17, 49, 52, 59",24
"11, 14, 23, 47, 57",1
"10, 17, 31, 51, 53",14
"16, 17, 20, 53, 67",1
"27, 52, 55, 60, 64",4
"15, 21, 22, 27, 47",21
"1, 4, 11, 20, 69",7
"5, 21, 22, 29, 43",18
"8, 12, 19, 47, 58",10
"19, 30, 36, 42, 66",2
"13, 23, 47, 55, 58",14
"5, 12, 34, 45, 56",23
"2, 6, 18, 36, 37",3
"2, 3, 14, 40, 51",21
"7, 14, 17, 57, 65",24
"6, 25, 36, 43, 48",24
"7, 29, 35, 40, 45",24
"5, 21, 36, 61, 62",26
"16, 25, 36, 44, 55",18
"13, 16, 32, 58, 59",14
"27, 47, 61, 62, 69",9
"14, 19, 61, 62, 64",4
"3, 10, 34, 36, 62",4
"16, 21, 27, 60, 61",5
"15, 28, 52, 53, 63",6
"9, 36, 49, 56, 62",18
"15, 22, 27, 33, 46",8
"10, 31, 41, 63, 67",23
"7, 10, 63, 64, 68",5
"2, 12, 32, 50, 65",10
"10, 33, 41, 52, 54",5
"1, 17, 38, 68, 69",18
"1, 3, 26, 41, 64",18
"13, 32, 41, 58, 60",17
"38, 58, 59, 64, 68",14
"2, 8, 18, 21, 23",21
"18, 34, 40, 42, 50",16
"8, 12, 26, 39, 42",9
"39, 53, 54, 56, 57",11
"12, 18, 42, 48, 65",20
"7, 8, 35, 50, 65",19
"13, 16, 33, 58, 68",20
"2, 20, 49, 61, 67",24
"1, 3, 21, 47, 57",20
"1, 33, 35, 40, 69",18
"4, 44, 46, 56, 63",24
"10, 12, 33, 36, 41",19
"22, 29, 30, 42, 47",2
"2, 37, 39, 48, 54",17
"8, 31, 39, 40, 43",5
"33, 35, 45, 48, 60",4
"7, 40, 48, 55, 66",16
"5, 9, 27, 39, 42",11
"2, 23, 40, 59, 69",16
"15, 27, 44, 59, 63",13
"9, 23, 26, 30, 32",8
"4, 29, 49, 50, 67",8
"7, 15, 21, 33, 62",2
"18, 43, 58, 60, 68",23
"24, 44, 46, 50, 51",14
"8, 27, 29, 36, 47",13
"25, 37, 39, 61, 62",24
"10, 12, 15, 19, 56",11
"16, 32, 35, 36, 46",19
"14, 47, 54, 55, 68",3
"35, 49, 50, 59, 66",25
"23, 30, 35, 41, 57",6
"12, 33, 54, 57, 60",2
"9, 12, 15, 31, 60",13
"2, 9, 17, 36, 67",2
"11, 33, 44, 59, 67",18
"20, 24, 38, 56, 68",8
"39, 41, 53, 55, 68",18
"3, 21, 23, 31, 59",19
"2, 4, 7, 43, 56",3
"1, 11, 21, 25, 54",22
"49, 53, 57, 59, 62",7
"20, 23, 39, 59, 60",26
"2, 4, 16, 30, 46",18
"19, 31, 35, 50, 67",20
"14, 18, 26, 39, 68",14
"3, 6, 12, 32, 64",9
"24, 29, 42, 44, 63",19
"18, 42, 53, 62, 66",10
"8, 27, 44, 51, 61",25
"15, 35, 42, 63, 68",14
"15, 26, 37, 53, 55",18
"28, 35, 38, 61, 66",21
"7, 15, 39, 40, 57",23
"14, 22, 26, 55, 63",12
"23, 26, 27, 28, 66",26
"14, 17, 35, 38, 60",11
"15, 28, 46, 62, 64",25
"3, 23, 32, 37, 58",17
"19, 22, 52, 56, 67",22
"3, 20, 48, 54, 59",21
"5, 12, 50, 61, 69",4
"14, 27, 29, 59, 65",23
"1, 5, 25, 63, 67",12
"12, 29, 34, 53, 65",3
"5, 18, 33, 43, 65",23
"6, 14, 36, 51, 54",2
"4, 8, 10, 43, 53",4
"15, 23, 34, 51, 55",7
"37, 43, 44, 45, 53",4
"1, 9, 22, 36, 68",25
"14, 19, 39, 47, 51",22
"11, 27, 31, 36, 67",15
"6, 17, 24, 53, 57",11
"11, 20, 41, 42, 56",3
"4, 8, 30, 52, 59",6
"14, 41, 50, 56, 57",2
"9, 32, 37, 41, 56",18
"5, 12, 20, 21, 47",14
"12, 21, 22, 29, 32",1
"18, 21, 24, 30, 60",21
"10, 13, 30, 51, 69",20
"35, 41, 44, 58, 59",10
"8, 32, 47, 53, 59",3
"3, 6, 45, 66, 68",3
"14, 37, 47, 55, 67",13
"1, 19, 31, 48, 61",6
"22, 29, 35, 53, 56",6
"5, 26, 36, 64, 69",13
"19, 43, 47, 60, 68",19
"13, 23, 32, 35, 68",10
"7, 9, 26, 44, 68",21
"4, 8, 23, 46, 65",3
"40, 43, 45, 50, 61",1
"13, 17, 24, 59, 62",25
"1, 5, 16, 22, 54",8
"3, 6, 11, 14, 66",24
"4, 18, 21, 26, 38",21
"8, 11, 14, 16, 49",1
"5, 35, 38, 42, 57",14
"9, 13, 42, 48, 60",13
"17, 23, 28, 34, 38",18
"6, 15, 34, 45, 52",8
"3, 32, 34, 42, 61",8
"1, 2, 39, 43, 66",7
"7, 10, 20, 44, 57",2
"2, 10, 25, 66, 67",3
"7, 17, 33, 61, 68",26
"6, 8, 9, 37, 40",4
"1, 45, 53, 64, 66",26
"6, 16, 23, 30, 61",3
"5, 23, 28, 56, 66",2
"2, 29, 41, 45, 62",17
"6, 32, 35, 36, 65",6
"3, 27, 30, 63, 65",4
"1, 15, 17, 46, 66",1
"4, 17, 26, 32, 49",15
"12, 21, 23, 39, 67",10
"15, 33, 43, 59, 60",6
"16, 19, 25, 32, 49",8
"21, 52, 54, 64, 68",18
"16, 20, 37, 44, 62",4
"24, 25, 52, 60, 66",12
"10, 14, 50, 53, 63",5
"30, 34, 39, 53, 67",21
"18, 36, 45, 47, 69",11
"5, 6, 45, 55, 59",14
"6, 10, 21, 35, 46",14
"1, 19, 25, 27, 68",23
"21, 31, 42, 49, 59",21
"4, 6, 14, 20, 32",23
"27, 49, 50, 51, 52",13
"29, 30, 41, 48, 64",2
"2, 8, 14, 24, 69",1
"9  , 1, 2, 3, 7, 39",26
"5, 13, 28, 38, 63",25
"10, 17, 18, 43, 65",21
"2, 12, 16, 29, 54",13
"8, 12, 20, 21, 32",6
"23, 25, 47, 48, 50",10
"5, 8, 41, 65, 66",24
"14, 29, 31, 56, 61",20
"7, 36, 48, 57, 58",1
"6, 19, 37, 49, 59",24
"3, 7, 15, 27, 69",22
"8, 12, 42, 46, 56",19
"12, 42, 51, 53, 62",12
"5, 25, 38, 52, 67",25
"21, 28, 30, 40, 59",24
"15, 29, 31, 37, 43",26
"8, 38, 43, 52, 55",16
"4, 9, 21, 29, 64",17
"14, 32, 34, 46, 61",26
"9, 11, 36, 37, 38",10
"10, 11, 47, 55, 58",11
"4, 19, 59, 68, 69",26
"11, 33, 51, 56, 58",21
"7, 14, 23, 38, 55",18
"6, 8, 20, 52, 68",18
"7, 42, 49, 62, 69",5
"5, 29, 34, 53, 57",23
"26, 28, 34, 42, 50",24
"15, 21, 24, 32, 65",25
"7, 25, 39, 40, 47",11
"8, 12, 13, 19, 27",20
"3, 21, 45, 53, 56",4
"16, 54, 57, 62, 69",22
"3, 57, 64, 68, 69",23
"11, 14, 32, 43, 65",15
"8, 23, 27, 42, 60",15
"1, 22, 27, 53, 67",7
"41, 53, 59, 63, 66",15
"9, 17, 34, 59, 64",3
"8  , 1, 2, 7, 30, 50",22
"24, 61, 63, 64, 69",8
"4, 39, 48, 50, 51",18
"2, 18, 19, 24, 34",11
"6, 28, 48, 63, 64",3
"3, 13, 20, 32, 33",24
"6, 15, 50, 59, 60",21
"11, 54, 55, 61, 66",13
"25, 41, 53, 57, 67",9
"20, 25, 54, 57, 63",12
"1, 7, 45, 47, 69",8
"24, 34, 52, 61, 67",13
"12, 15, 28, 47, 48",16
"5, 43, 56, 62, 68",16
"10, 21, 30, 43, 63",24
"3, 11, 38, 44, 58",17
"5, 22, 32, 38, 58",2
"22, 27, 46, 56, 65",26
"2, 18, 41, 44, 64",13
"9, 23, 56, 58, 68",26
"1, 10, 27, 28, 36",1
"22, 41, 42, 49, 67",12
"19, 21, 27, 46, 47",11
"1, 10, 43, 45, 64",7
"4, 7, 15, 41, 44",22
"3, 9, 20, 42, 61",10
"7, 28, 37, 62, 63",24
"16, 29, 43, 45, 56",15
"4, 14, 23, 27, 56",25
"9, 45, 57, 58, 65",13
"13, 20, 38, 45, 55",9
"6, 10, 15, 25, 36",1
"23, 28, 41, 53, 56",14
"23, 25, 37, 44, 64",14
"17, 23, 26, 46, 68",7
"1, 21, 31, 45, 49",20
"20, 54, 56, 61, 64",21
"3, 6, 9, 17, 56",7
"17, 19, 21, 22, 51",25
"22, 42, 45, 55, 56",19
"11, 16, 38, 50, 69",14
"14, 29, 36, 57, 61",19
"5, 14, 31, 40, 50",17
"20, 22, 28, 45, 50",6
"17, 18, 39, 56, 64",8
"40, 50, 54, 62, 69",12
"9, 10, 12, 17, 23",19
"17, 19, 26, 61, 62",9
"16, 18, 27, 55, 67",15
"2, 17, 20, 38, 39",18
"8, 24, 42, 54, 64",20
"8, 24, 52, 55, 61",24
"6, 8, 26, 52, 53",21
"10, 33, 45, 53, 56",21
"3, 4, 18, 29, 61",24
"22, 57, 59, 60, 66",25
"6, 12, 24, 41, 68",7
"43, 44, 54, 61, 69",9
"6, 13, 19, 36, 51",22
"13, 17, 25, 36, 40",18
"12, 30, 59, 65, 69",5
"24, 25, 38, 62, 63",16
"7, 15, 31, 34, 36",6
"13, 26, 39, 44, 62",8
"37, 39, 44, 46, 69",2
"1, 13, 27, 41, 59",26
"23, 34, 35, 40, 47",20
"15, 23, 27, 48, 53",10
"4, 7, 14, 46, 59",6
"17, 21, 26, 47, 54",22
"5, 9, 11, 33, 64",7
"26, 28, 47, 49, 58",21
"3, 33, 37, 51, 57",3
"14, 25, 35, 58, 69",21
"7, 24, 33, 49, 50",24
"12, 29, 30, 33, 61",4
"2, 18, 37, 39, 42",26
"28, 36, 41, 51, 58",12
"3, 9, 16, 56, 60",24
"1, 3, 13, 15, 44",3
"1, 20, 61, 64, 69",25
"9, 35, 37, 50, 63",20
"2, 24, 28, 51, 58",11
"25, 36, 37, 55, 60",7
"19, 20, 50, 55, 62",6
"28, 30, 32, 36, 58",9
"24, 26, 28, 59, 63",6
"8, 13, 27, 53, 54",16
"35, 37, 46, 51, 61",4
"17, 28, 31, 32, 39",13
"23, 32, 44, 48, 50",26
"4, 6, 16, 30, 56",25
"12, 14, 20, 21, 34",18
"12, 14, 26, 48, 51",22
"3, 6, 19, 26, 44",13
"27, 35, 38, 57, 66",1
"18, 22, 29, 54, 57",10
"14, 41, 42, 45, 69",8
"30, 49, 54, 66, 69",4
"32, 37, 56, 66, 69",8
"1, 3, 13, 19, 69",11
"10, 49, 61, 63, 65",23
"22, 23, 62, 63, 66",7
"8, 12, 25, 41, 64",24
"8, 10, 21, 23, 25",15
"24, 45, 55, 56, 57",22
"39, 48, 53, 67, 68",19
"17, 18, 24, 25, 31",26
"17, 24, 35, 57, 63",24
"6, 20, 29, 57, 59",19
"8, 14, 32, 58, 67",22
"6, 21, 41, 52, 62",17
"19, 28, 43, 67, 69",26
"7, 15, 32, 38, 66",7
"6, 7, 16, 23, 26",15
"17, 19, 39, 43, 68",4
"9, 15, 43, 60, 64",13
"20, 24, 26, 35, 49",4
"12, 30, 36, 47, 62",19
"11, 21, 28, 33, 45",9
"1, 16, 54, 63, 69",11
"1, 28, 40, 45, 48",18
"7, 19, 21, 42, 69",12
"5, 32, 44, 53, 60",12
"50, 51, 59, 61, 63",9
"9, 40, 63, 64, 66",4
"1, 2, 18, 23, 61",17
"8, 10, 29, 40, 59",9
"4, 9, 16, 54, 68",26
"19, 42, 45, 48, 53",21
"29, 37, 46, 53, 68",16
"10, 22, 32, 36, 58",8
"14, 46, 61, 65, 68",10
"10, 13, 32, 53, 62",13
"5, 22, 43, 57, 63",21
"20, 26, 32, 38, 58",24
"5, 21, 57, 66, 69",3
"3, 9, 21, 41, 54",13
"4, 33, 39, 46, 60",25
"5, 10, 28, 55, 67",6
"28, 32, 33, 38, 62",9
"5, 22, 45, 47, 54",15
"4, 11, 39, 45, 48",3
"17, 20, 32, 63, 68",9
"29, 31, 46, 56, 62",19
"11, 21, 31, 41, 59",8
"17, 18, 49, 59, 66",21
"22, 23, 24, 45, 62",9
"1, 15, 18, 26, 51",5
"21, 39, 41, 48, 63",26
"1, 19, 37, 40, 52",6
"5, 22, 26, 45, 61",15
"8, 14, 61, 63, 68",13
"23, 36, 51, 53, 60",24
"8, 20, 46, 53, 54",15
"9, 32, 36, 44, 65",13
"8, 15, 31, 36, 62",1
"18, 31, 32, 45, 48",11
"2, 9, 27, 29, 42",16
"13, 25, 44, 54, 67",9
"16, 30, 41, 48, 53",5
"1, 26, 41, 50, 57",16
"23, 33, 42, 46, 59",11
"2, 18, 19, 22, 63",4
"6, 32, 47, 62, 65",19
"10, 13, 28, 52, 61",19
"3, 7, 9, 31, 33",2
"5, 28, 33, 38, 42",20
"5, 9, 17, 37, 64",19
"14, 20, 42, 49, 66",2
"6, 13, 16, 17, 52",5
"9, 43, 57, 60, 64",25
"12, 20, 39, 49, 69",10
"18, 28, 62, 66, 68",17
"23, 25, 45, 52, 67",22
"9, 40, 41, 53, 58",2
"23, 55, 59, 64, 69",12
"1, 3, 13, 16, 43",13
"3, 12, 24, 37, 63",24
"16, 17, 29, 41, 42",10
"1, 3, 28, 57, 67",4
"16, 23, 30, 44, 58",9
"28, 38, 42, 51, 52",4
"25, 33, 40, 54, 68",21
"1, 8, 16, 40, 48",3
"18, 26, 37, 39, 66",10
"12, 21, 32, 44, 66",15
"41, 48, 49, 53, 64",15
"8, 10, 26, 27, 33",20
"3, 14, 18, 25, 45",22
"17, 19, 21, 37, 44",7
"7, 32, 41, 47, 61",16
"16, 24, 28, 43, 61",3
"28, 41, 61, 63, 65",21
"8, 17, 20, 27, 52",7
"1, 25, 28, 31, 54",24
"21, 31, 50, 51, 69",2
"13, 18, 37, 54, 61",8
"19, 20, 21, 42, 48",5
"2, 3, 16, 48, 56",23
"1, 28, 33, 55, 56",24
"10, 16, 38, 43, 63",22
"23, 49, 57, 64, 67",23
"16, 30, 34, 37, 44",20
"3, 54, 61, 64, 68",16
"8, 18, 27, 29, 60",9
"2, 12, 50, 61, 64",15
"30, 38, 52, 53, 62",1
"7, 15, 20, 29, 41",1
"1, 28, 63, 67, 69",22
"9, 19, 51, 55, 62",17
"10, 11, 23, 28, 31",14
"3, 17, 49, 55, 68",14
"22, 23, 29, 33, 55",8
"7, 39, 50, 59, 67",21
"5, 10, 24, 56, 61",25
"4, 32, 48, 49, 63",12
"9, 11, 25, 64, 65",20
"3, 6, 21, 60, 68",16
"33, 44, 49, 50, 52",24
"38, 44, 60, 64, 69",8
"23, 56, 61, 64, 67",6
"20, 33, 36, 47, 52",12
"9, 11, 27, 66, 67",12
"11, 17, 21, 23, 32",2
"10, 47, 50, 65, 68",5
"5, 7, 23, 35, 39",24
"6, 25, 35, 58, 66",11
"11, 17, 40, 50, 62",5
"3, 15, 29, 54, 57",26
"10, 28, 32, 61, 64",10
"2, 24, 31, 57, 66",12
"10, 34, 39, 59, 63",18
"23, 29, 37, 60, 64",4
"3, 27, 36, 56, 69",6
"14, 40, 42, 43, 52",25
"2, 23, 41, 53, 63",17
"4, 22, 24, 31, 33",11
"20, 27, 36, 41, 58",10
"12, 25, 37, 60, 69",7
"16, 20, 22, 43, 64",20
"23, 30, 33, 40, 69",17
"6, 33, 34, 58, 59",12
"11, 24, 41, 59, 64",12
"5, 7, 9, 23, 32",15
"23, 25, 39, 54, 67",26
"13, 27, 47, 64, 65",11
"20, 32, 52, 66, 69",9
"5, 25, 26, 44, 66",23
"30, 47, 57, 66, 69",9
"3, 12, 16, 32, 34",3
"2, 25, 33, 39, 64",14
"19, 35, 46, 59, 62",17
"12, 25, 30, 52, 62",13
"3, 18, 25, 32, 51",8
"30, 33, 35, 38, 64",3
"14, 22, 23, 41, 61",22
"4, 28, 49, 60, 65",9
"9, 28, 30, 40, 61",25
"24, 44, 53, 55, 63",3
"11, 23, 42, 52, 68",19
"5, 8, 15, 22, 49",6
"11, 23, 43, 54, 60",25
"10, 12, 13, 46, 50",3
"11, 28, 50, 57, 62",21
"14, 23, 32, 34, 68",23
"3, 27, 34, 59, 69",3
"12, 13, 44, 52, 62",19
"10, 11, 21, 22, 53",6
"21, 31, 64, 65, 67",18
"11, 12, 15, 16, 54",5
"7, 17, 27, 29, 40",25
"7, 15, 18, 19, 36",25
"2, 3, 40, 50, 62",20
"4, 13, 31, 36, 52",5
"26, 28, 31, 60, 67",8
"5, 12, 16, 31, 43",23
"3, 12, 40, 52, 67",18
"22, 32, 34, 40, 69",21
"5, 39, 44, 47, 69",19
"3, 51, 52, 61, 64",24
"4, 8, 19, 27, 34",6
"16, 19, 32, 34, 57",10
"2, 11, 47, 62, 63",13
"5, 6, 15, 29, 42",17
"12, 36, 38, 54, 61",10
"27, 40, 44, 59, 65",22
"16, 38, 55, 63, 67",20
"28, 30, 41, 59, 68",25
"9, 10, 32, 42, 55",10
"2, 14, 19, 30, 62",6
"7, 10, 16, 46, 56",22
"13, 27, 33, 47, 68",1
"14, 18, 19, 32, 64",13
"2, 6, 47, 66, 67",9
"16, 29, 53, 58, 69",2
"37, 47, 50, 52, 57",21
"17, 40, 41, 46, 69",21
"14, 22, 37, 45, 66",6
"4, 26, 32, 55, 64",5
"7, 16, 25, 50, 53",18
"2, 12, 17, 20, 65",15
"9, 20, 25, 47, 68",17
"4, 54, 56, 62, 63",7
"20, 31, 56, 60, 64",10
"30, 32, 42, 56, 57",2
"48, 49, 57, 62, 69",11
"15, 20, 29, 31, 40",19
"12, 27, 29, 43, 68",1
"18, 30, 40, 48, 52",1
"6, 26, 33, 44, 46",9
"21, 39, 40, 55, 59",4
"23, 31, 42, 50, 57",17
"8, 29, 41, 51, 58",5
"12, 17, 26, 43, 48",5
"5, 7, 24, 31, 39",24
"2, 3, 13, 16, 35",7
"44, 45, 47, 50, 51",27
"10, 16, 18, 29, 45",8
"17, 22, 30, 46, 56",19
"18, 21, 25, 28, 29",16
"2, 22, 32, 45, 56",16
"4, 12, 14, 21, 55",12
"6, 8, 43, 48, 50",7
"3, 13, 17, 42, 52",7
"8, 13, 29, 38, 52",24
"9, 34, 48, 52, 54",28
"9, 11, 14, 16, 42",15
"7, 13, 24, 49, 57",19
"4, 22, 27, 28, 52",15
"27, 29, 34, 41, 44",35
"12, 31, 43, 44, 57",2
"6, 37, 39, 45, 55",11
"13, 16, 34, 45, 50",33
"11, 39, 46, 52, 54",11
"4, 15, 25, 27, 30",3
"3, 6, 14, 18, 24",18
"7, 24, 26, 31, 41",21
"18, 28, 35, 46, 49",25
"3, 5, 10, 22, 32",27
"9, 10, 16, 20, 57",7
"20, 21, 22, 41, 54",15
"29, 41, 48, 52, 54",7
"31, 32, 48, 49, 53",29
"8, 13, 18, 27, 43",25
"6, 8, 13, 37, 40",15
"8, 9, 25, 56, 57",11
"8, 15, 34, 53, 59",22
"9, 15, 17, 31, 43",23
"1, 12, 28, 35, 44",16
"24, 29, 38, 48, 52",25
"1, 25, 29, 31, 47",32
"4, 15, 17, 35, 58",7
"23, 24, 27, 39, 41",17
"2, 6, 11, 30, 31",30
"1, 26, 34, 38, 51",33
"21, 33, 35, 38, 45",6
"10, 14, 25, 39, 53",12
"13, 22, 23, 29, 31",18
"1, 16, 21, 29, 40",17
"1, 12, 32, 42, 58",30
"1, 19, 45, 46, 58",12
"33, 39, 40, 41, 54",29
"2, 30, 33, 39, 44",28
"2, 4, 6, 12, 38",1
"7, 19, 23, 50, 54",17
"11, 16, 30, 38, 42",14
"14, 25, 30, 33, 47",7
"8, 14, 39, 46, 47",8
"11, 24, 31, 40, 44",18
"34, 36, 38, 42, 50",27
"8, 12, 15, 35, 50",33
"11, 17, 25, 28, 46",32
"17, 19, 21, 32, 39",12
"10, 14, 18, 34, 51",8
"1, 9, 29, 32, 49",26
"1, 24, 44, 45, 51",22
"11, 13, 25, 39, 54",28
"5, 10, 21, 34, 58",19
"24, 36, 51, 52, 56",33
"5, 11, 16, 26, 50",22
"12, 24, 35, 36, 49",34
"16, 19, 20, 29, 33",1
"11, 12, 15, 28, 57",10
"15, 16, 23, 27, 36",23
"2, 4, 10, 41, 53",9
"2, 9, 19, 28, 29",22
"14, 15, 47, 49, 59",19
"4, 18, 43, 46, 55",10
"17, 27, 37, 40, 53",25
"7, 10, 11, 14, 36",35
"11, 12, 46, 47, 50",15
"14, 15, 19, 31, 56",22
"22, 31, 38, 47, 48",5
"5, 13, 28, 43, 55",15
"34, 44, 48, 54, 55",33
"12, 15, 22, 43, 49",10
"25, 30, 32, 46, 54",14
"13, 24, 30, 42, 48",26
"16, 17, 22, 46, 54",27
"23, 49, 53, 54, 57",35
"6, 36, 38, 48, 51",35
"13, 16, 33, 35, 51",17
"37, 39, 51, 52, 55",28
"9, 19, 33, 38, 54",11
"2, 11, 19, 21, 42",15
"1, 3, 13, 25, 38",34
"25, 28, 48, 57, 59",17
"6, 10, 51, 54, 57",16
"29, 30, 40, 42, 50",12
"20, 26, 27, 36, 54",16
"5, 7, 19, 27, 28",19
"10, 19, 37, 38, 39",20
"5, 16, 31, 46, 50",28
"13, 18, 24, 25, 33",18
"1, 4, 18, 20, 45",31
"2, 11, 35, 52, 54",7
"7, 14, 21, 24, 41",13
"22, 23, 30, 37, 39",26
"18, 25, 36, 48, 50",16
"1, 6, 16, 37, 53",23
"2, 14, 39, 40, 43",27
"9, 29, 31, 43, 50",13
"2, 16, 43, 45, 51",18
"5, 28, 31, 52, 59",35
"17, 24, 26, 45, 46",27
"28, 32, 35, 36, 52",19
"4, 8, 21, 38, 40",31
"7, 8, 17, 48, 59",3
"8, 37, 39, 40, 52",9
"3, 12, 31, 34, 51",24
"1, 8, 24, 28, 49",24
"12, 26, 44, 46, 47",24
"13, 30, 42, 49, 53",29
"24, 28, 30, 38, 39",29
"4, 10, 12, 22, 31",16
"10, 17, 25, 45, 53",3
"5, 15, 18, 26, 32",9
"2, 3, 7, 23, 51",35
"9, 25, 42, 55, 57",26
"24, 34, 36, 57, 58",14
"8, 18, 45, 53, 58",11
"8, 12, 34, 43, 56",35
"10, 20, 25, 50, 53",9
"5, 6, 37, 41, 54",35
"6, 9, 29, 52, 59",26
"9, 33, 42, 45, 54",7
"14, 18, 25, 33, 49",30
"28, 30, 35, 58, 59",23
"1, 7, 10, 22, 49",15
"15, 27, 31, 34, 48",24
"2, 24, 28, 32, 59",1
"15, 16, 28, 49, 55",25
"4, 20, 34, 39, 58",18
"23, 32, 39, 47, 49",31
"7, 33, 39, 52, 55",22
"4, 31, 41, 47, 55",33
"17, 29, 31, 48, 49",1
"5, 15, 16, 46, 49",34
"2, 9, 11, 19, 50",26
"3, 7, 22, 30, 33",32
"19, 25, 29, 36, 48",20
"5, 6, 29, 35, 51",12
"34, 39, 42, 44, 59",21
"14, 26, 45, 54, 55",8
"9, 14, 44, 48, 49",20
"11, 21, 26, 33, 34",29
"8, 13, 19, 22, 53",29
"2, 3, 12, 27, 38",24
"28, 33, 41, 44, 59",17
"13, 28, 31, 55, 58",21
"2, 19, 23, 34, 43",15
"2, 5, 34, 51, 58",14
"14, 15, 28, 37, 54",9
"10, 14, 24, 32, 41",10
"3, 7, 9, 26, 54",30
"3, 8, 25, 30, 47",19
"11, 12, 17, 38, 42",13
"2, 3, 13, 14, 54",2
"1, 17, 35, 49, 54",4
"2, 9, 14, 21, 23",34
"36, 44, 49, 52, 57",3
"24, 25, 34, 37, 54",1
"8, 17, 32, 57, 59",29
"5, 12, 15, 27, 38",24
"11, 23, 28, 32, 47",7
"8, 12, 18, 55, 57",20
"4  , 1, 2, 7, 9, 55",2
"13, 14, 19, 31, 38",29
"7, 8, 9, 24, 29",25
"10, 15, 33, 48, 54",25
"10, 28, 39, 47, 58",34
"19, 20, 37, 41, 58",22
"15, 24, 40, 48, 52",14
"8, 35, 44, 51, 56",23
"23, 28, 38, 39, 56",18
"25, 36, 40, 45, 51",32
"7, 24, 37, 39, 40",8
"14, 25, 32, 33, 41",1
"1, 10, 13, 18, 19",34
"13, 20, 32, 45, 48",27
"6, 9, 11, 31, 44",17
"5, 26, 44, 45, 57",25
"18, 25, 50, 55, 57",29
"5, 12, 43, 52, 55",17
"4, 18, 23, 32, 45",10
"10, 29, 37, 44, 59",7
"5, 31, 50, 55, 56",10
"3, 9, 37, 49, 56",9
"1, 5, 10, 15, 49",32
"13, 23, 24, 27, 40",22
"2, 36, 40, 49, 54",17
"4, 6, 34, 49, 56",10
"3, 23, 31, 34, 47",29
"9, 33, 54, 56, 57",13
"3, 26, 28, 34, 42",5
"8, 10, 26, 57, 58",28
"3, 9, 19, 33, 38",4
"11, 12, 17, 39, 40",18
"4, 6, 25, 42, 51",5
"14, 47, 52, 53, 54",17
"2, 7, 17, 49, 53",5
"12, 17, 45, 54, 58",23
"7, 10, 22, 32, 35",13
"1, 17, 25, 37, 44",19
"11, 19, 33, 42, 52",20
"2, 19, 22, 26, 45",33
"2, 9, 26, 45, 47",24
"2, 7, 25, 40, 56",11
"6, 7, 9, 19, 32",20
"12, 17, 25, 45, 59",13
"30, 40, 42, 46, 48",19
"18, 21, 46, 54, 56",23
"4, 11, 17, 43, 51",23
"4, 12, 14, 37, 58",20
"5, 25, 30, 58, 59",13
"21, 24, 36, 42, 45",32
"8, 24, 39, 49, 59",15
"9, 23, 40, 53, 58",5
"9, 29, 40, 44, 54",6
"14, 25, 27, 38, 58",7
"1, 22, 34, 38, 42",6
"2, 8, 22, 35, 37",17
"30, 31, 45, 55, 59",6
"2, 13, 35, 36, 52",27
"3, 6, 29, 40, 51",11
"8, 28, 30, 53, 56",4
"1, 18, 33, 39, 46",16
"13, 19, 23, 33, 57",33
"7, 46, 47, 52, 57",28
"28, 36, 40, 48, 55",17
"16, 22, 23, 42, 55",1
"2, 11, 22, 26, 32",32
"4, 26, 33, 36, 55",19
"22, 28, 33, 53, 59",32
"9, 14, 17, 49, 57",14
"2, 6, 19, 21, 27",2
"9, 31, 35, 41, 57",25
"10, 13, 14, 22, 52",26
"2, 11, 26, 34, 41",11
"6, 13, 19, 23, 43",32
"21, 22, 26, 30, 57",16
"7, 12, 26, 36, 40",27
"22, 26, 31, 54, 55",17
"3, 23, 48, 54, 55",18
"9, 19, 31, 56, 59",5
"6, 8, 30, 39, 48",2
"13, 18, 36, 48, 58",20
"10, 12, 31, 56, 57",28
"1, 36, 40, 52, 53",33
"4, 7, 8, 29, 39",20
"3  , 1, 6, 8, 12, 35",24
"11, 23, 26, 46, 55",3
"7, 37, 43, 48, 52",27
"17, 29, 31, 52, 53",16
"13, 14, 17, 43, 54",31
"3, 7, 21, 44, 53",15
"5, 9, 28, 32, 38",16
"10, 37, 40, 46, 52",29
"6, 10, 23, 41, 45",12
"3, 8, 13, 41, 56",1
"3, 14, 20, 34, 48",16
"2, 5, 31, 39, 41",21
"3, 17, 19, 25, 32",29
"15, 16, 46, 50, 58",17
"12, 23, 25, 27, 43",29
"5, 6, 16, 36, 58",29
"5, 27, 36, 38, 41",3
"11, 16, 33, 40, 41",12
"14, 16, 32, 47, 52",34
"3, 22, 26, 41, 49",16
"11, 12, 24, 43, 45",18
"8, 28, 29, 34, 38",9
"9, 21, 28, 32, 51",35
"10, 14, 21, 23, 47",35
"11, 13, 20, 27, 59",7
"26, 30, 49, 51, 54",26
"18, 20, 28, 35, 53",25
"36, 46, 50, 52, 55",20
"11, 13, 23, 43, 54",14
"1, 18, 35, 39, 44",4
"5, 8, 20, 23, 30",11
"15, 23, 40, 44, 55",3
"8, 10, 25, 36, 44",14
"7, 23, 26, 40, 53",28
"13, 17, 19, 27, 38",21
"3, 10, 19, 36, 46",12
"5, 16, 22, 23, 29",3
"22, 32, 37, 44, 50",6
"8, 18, 24, 30, 39",34
"3, 15, 27, 58, 59",26
"8, 10, 30, 44, 58",20
"32, 42, 50, 54, 55",13
"32, 34, 45, 52, 58",32
"4, 7, 9, 30, 54",20
"1, 27, 31, 45, 48",25
"22, 32, 34, 36, 56",5
"3, 18, 21, 23, 50",33
"4, 21, 28, 31, 44",4
"1, 7, 10, 23, 42",10
"2, 5, 25, 26, 49",35
"18, 26, 29, 35, 43",18
"15, 26, 34, 36, 59",28
"17, 23, 36, 55, 59",35
"14, 18, 28, 29, 57",10
"13, 26, 39, 41, 42",8
"2, 16, 18, 40, 42",10
"1, 5, 8, 39, 50",33
"3, 20, 26, 43, 48",23
"24, 33, 36, 48, 56",1
"6, 20, 34, 44, 48",6
"4, 19, 26, 42, 51",29
"8, 11, 21, 44, 49",29
"25, 28, 49, 54, 56",22
"1, 6, 7, 20, 49",28
"22, 29, 31, 47, 55",23
"14, 26, 41, 55, 59",19
"6, 27, 46, 51, 56",1
"4, 13, 39, 46, 51",21
"3, 7, 11, 15, 28",1
"19, 30, 48, 53, 55",12
"3, 16, 48, 56, 58",18
"5, 6, 13, 36, 50",4
"3, 14, 35, 38, 46",13
"9, 31, 38, 54, 56",16
"2, 5, 20, 23, 57",20
"4, 16, 32, 37, 46",3
"5, 22, 36, 49, 55",13
"3, 5, 29, 39, 59",23
"14, 19, 35, 39, 56",29
"7, 15, 20, 41, 44",33
"6, 34, 40, 46, 58",22
"1, 3, 41, 44, 53",6
"11, 17, 29, 56, 57",30
"8, 14, 15, 16, 27",14
"7, 10, 14, 33, 57",26
"18, 22, 45, 56, 57",18
"19, 30, 33, 48, 59",27
"9, 10, 17, 29, 45",27
"9, 10, 24, 52, 56",33
"13, 14, 41, 49, 59",14
"4, 7, 26, 53, 59",14
"8, 13, 35, 46, 51",32
"3, 7, 21, 28, 43",30
"10, 24, 35, 53, 58",2
"1, 7, 11, 55, 56",22
"9, 12, 20, 44, 59",1
"7, 8, 33, 38, 50",23
"31, 39, 40, 57, 58",29
"4, 25, 29, 34, 43",33
"6, 8, 20, 42, 51",29
"20, 22, 39, 46, 49",16
"14, 15, 16, 19, 24",29
"16, 23, 42, 44, 47",2
"5, 13, 17, 20, 30",2
"1, 24, 33, 45, 49",18
"5, 14, 36, 54, 58",6
"11, 16, 29, 50, 58",27
"1, 15, 35, 37, 47",33
"32, 43, 53, 55, 56",8
"11, 14, 49, 55, 58",6
"1, 8, 41, 46, 59",30
"5, 14, 17, 20, 41",24
"12, 35, 45, 46, 47",5
"29, 30, 45, 47, 49",12
"1, 4, 11, 23, 26",35
"6, 11, 42, 53, 54",14
"7, 16, 17, 39, 51",7
"23, 28, 50, 56, 59",32
"11, 12, 32, 52, 56",5
"1, 10, 37, 52, 57",11
"17, 28, 38, 39, 51",11
"15, 23, 43, 45, 56",33
"8, 13, 17, 34, 59",7
"5, 33, 41, 54, 59",35
"4, 19, 28, 29, 47",13
"12, 24, 43, 44, 45",5
"6, 29, 34, 44, 50",7
"10, 30, 36, 38, 41",28
"5, 19, 29, 45, 47",1
"3, 21, 24, 38, 39",25
"21, 35, 46, 47, 50",24
"5, 23, 25, 28, 40",2
"16, 21, 27, 41, 45",34
"14, 16, 30, 51, 52",14
"10, 13, 15, 31, 54",19
"13, 28, 49, 51, 59",18
"2, 24, 46, 52, 56",33
"4, 19, 33, 41, 59",19
"3, 14, 20, 39, 40",9
"5, 18, 33, 43, 45",37
"2, 6, 34, 35, 47",8
"20, 37, 39, 45, 55",22
"4, 30, 35, 57, 59",28
"9, 16, 17, 28, 30",25
"13, 22, 25, 39, 51",11
"4, 35, 36, 51, 56",28
"5, 35, 57, 58, 59",8
"2, 33, 39, 40, 43",12
"12, 14, 34, 39, 46",26
"11, 16, 40, 51, 56",36
"1, 18, 21, 39, 55",38
"3, 8, 23, 30, 58",6
"16, 26, 35, 52, 58",13
"5, 10, 24, 38, 43",2
"10, 12, 23, 43, 47",1
"3, 27, 35, 37, 45",18
"7, 20, 43, 46, 54",31
"1, 12, 23, 27, 43",17
"30, 41, 50, 51, 53",31
"3, 4, 12, 27, 44",8
"12, 47, 48, 52, 55",26
"6, 20, 22, 32, 43",13
"16, 41, 42, 50, 59",11
"4, 19, 22, 32, 53",5
"3, 5, 18, 27, 54",24
"15, 25, 52, 53, 54",13
"13, 19, 35, 47, 57",2
"2, 12, 25, 54, 58",29
"9, 13, 47, 49, 53",14
"2, 17, 23, 28, 47",39
"18, 28, 31, 48, 52",36
"9, 12, 35, 50, 58",37
"11, 18, 36, 41, 46",4
"25, 30, 54, 57, 59",38
"13, 19, 21, 28, 49",6
"20, 40, 41, 47, 55",11
"38, 40, 41, 51, 59",19
"1, 7, 27, 38, 48",33
"1, 4, 38, 40, 42",30
"24, 28, 48, 50, 54",17
"8, 18, 19, 32, 54",25
"1, 9, 11, 23, 31",8
"11, 15, 24, 50, 55",6
"1, 11, 18, 29, 51",8
"24, 30, 45, 57, 59",32
"18, 36, 39, 41, 57",26
"12, 15, 19, 46, 59",12
"12, 21, 22, 38, 41",12
"19, 20, 38, 41, 43",18
"16, 18, 27, 36, 50",29
"14, 37, 44, 45, 53",8
"17, 19, 39, 41, 58",29
"8, 18, 38, 46, 56",21
"12, 20, 43, 51, 55",31
"4, 23, 31, 42, 50",11
"2, 8, 40, 49, 50",23
"7, 12, 13, 42, 49",36
"8, 17, 18, 40, 44",16
"9, 17, 32, 43, 45",16
"2, 11, 27, 47, 55",31
"3, 15, 27, 29, 41",15
"6, 13, 15, 32, 41",24
"4, 24, 40, 44, 55",3
"3, 11, 47, 48, 58",5
"9, 24, 34, 36, 43",19
"21, 33, 44, 45, 55",27
"4, 23, 39, 49, 50",7
"5, 14, 32, 53, 56",39
"10, 18, 41, 55, 56",11
"6, 22, 34, 43, 45",15
"19, 20, 42, 56, 58",23
"4, 10, 11, 19, 33",37
"5, 15, 26, 28, 32",27
"3, 11, 20, 27, 46",9
"28, 39, 40, 48, 53",8
"1, 4, 12, 41, 47",9
"12, 20, 28, 40, 48",3
"2, 23, 31, 42, 48",8
"7, 31, 50, 51, 58",21
"4, 13, 17, 21, 45",6
"29, 32, 36, 39, 49",10
"3, 12, 34, 37, 42",29
"9, 13, 21, 23, 48",36
"11, 32, 36, 48, 52",24
"7, 11, 39, 42, 51",19
"15, 37, 41, 56, 59",30
"3, 14, 33, 53, 57",5
"24, 28, 45, 49, 52",36
"4, 5, 36, 47, 58",2
"30, 31, 34, 45, 51",6
"22, 36, 51, 56, 59",23
"9, 13, 22, 23, 37",32
"19, 21, 23, 40, 48",31
"6, 7, 26, 33, 52",27
"22, 26, 32, 38, 40",24
"18, 22, 37, 47, 54",7
"3, 16, 18, 20, 37",36
"1, 17, 38, 50, 52",30
"11, 33, 44, 46, 47",24
"4, 11, 19, 33, 43",12
"10, 11, 18, 32, 45",14
"1, 8, 10, 19, 20",18
"8, 11, 25, 41, 58",23
"13, 24, 27, 31, 42",16
"5, 10, 11, 12, 20",22
"10, 30, 37, 47, 54",2
"8, 20, 21, 32, 37",39
"10, 12, 38, 53, 57",4
"14, 16, 53, 54, 59",1
"17, 30, 48, 51, 54",5
"5, 8, 11, 40, 44",29
"7, 12, 23, 34, 38",10
"34, 38, 39, 45, 50",33
"1, 7, 27, 36, 49",33
"20, 24, 25, 53, 59",39
"2, 7, 16, 20, 46",15
"7, 17, 20, 39, 59",34
"11, 12, 15, 16, 28",17
"12, 22, 32, 34, 46",11
"2, 6, 32, 42, 49",2
"14, 26, 37, 41, 46",35
"12, 20, 30, 36, 47",24
"13, 44, 51, 52, 55",25
"8, 16, 27, 35, 42",30
"10, 24, 36, 52, 55",30
"1, 18, 37, 39, 44",15
"7, 20, 21, 34, 43",13
"7, 17, 20, 36, 59",34
"10, 35, 39, 51, 57",33
"11, 14, 22, 33, 42",20
"17, 20, 21, 40, 51",38
"4, 22, 27, 32, 56",19
"16, 17, 29, 31, 36",13
"7, 10, 12, 22, 27",23
"4, 32, 33, 47, 55",26
"9, 33, 36, 50, 58",39
"7, 10, 22, 23, 52",31
"4, 22, 26, 31, 52",29
"19, 28, 30, 37, 53",30
"1, 16, 17, 41, 57",36
"1, 11, 20, 25, 27",15
"20, 30, 38, 46, 59",2
"16, 22, 30, 51, 58",27
"22, 27, 35, 37, 45",25
"20, 21, 23, 38, 42",3
"20, 21, 27, 28, 56",6
"10, 41, 44, 48, 56",4
"3, 10, 14, 52, 53",4
"6, 38, 43, 47, 48",3
"13, 30, 32, 38, 57",27
"11, 30, 45, 47, 48",25
"9, 30, 31, 50, 54",10
"8, 11, 18, 29, 36",39
"9, 12, 13, 35, 38",6
"14, 22, 27, 32, 49",30
"18, 34, 40, 48, 59",5
"4, 9, 14, 39, 43",25
"1, 3, 24, 28, 41",38
"1, 6, 10, 13, 20",10
"19, 20, 40, 47, 57",32
"2, 7, 29, 55, 58",29
"15, 21, 23, 28, 36",27
"37, 51, 52, 53, 58",20
"5, 22, 34, 41, 57",38
"13, 34, 40, 47, 57",31
"16, 23, 25, 49, 58",11
"12, 22, 25, 28, 44",20
"1, 12, 53, 56, 57",24
"11, 34, 41, 49, 55",5
"5, 21, 22, 41, 49",20
"6, 14, 32, 38, 52",15
"21, 22, 49, 52, 58",20
"4, 36, 40, 44, 52",34
"10, 15, 31, 52, 59",33
"5, 13, 17, 45, 54",4
"7, 21, 32, 44, 52",12
"14, 20, 24, 39, 49",10
"9, 36, 39, 44, 45",7
"24, 26, 45, 48, 55",9
"6, 16, 20, 31, 36",8
"17, 21, 37, 41, 50",8
"10, 29, 33, 41, 59",1
"7, 9, 14, 45, 49",15
"18, 47, 51, 53, 58",23
"4, 17, 35, 50, 57",30
"13, 27, 37, 41, 54",12
"7, 8, 19, 26, 36",32
"10, 14, 30, 40, 51",15
"5, 8, 29, 37, 38",1
"14, 22, 52, 54, 59",34
"17, 22, 36, 37, 52",4
"6, 26, 35, 47, 48",24
"6, 15, 20, 26, 31",21
"15, 16, 20, 42, 53",9
"15, 32, 43, 44, 46",17
"7, 8, 23, 41, 55",19
"8, 11, 15, 32, 50",23
"20, 41, 44, 50, 54",27
"20, 27, 29, 56, 58",22
"3, 7, 23, 27, 42",31
"5, 14, 38, 39, 52",37
"32, 36, 37, 41, 53",6
"8, 32, 49, 51, 52",30
"17, 24, 39, 41, 47",23
"13, 23, 25, 35, 43",21
"12, 13, 14, 35, 41",15
"1, 5, 12, 13, 58",29
"27, 39, 41, 44, 58",21
"14, 34, 37, 46, 55",17
"26, 27, 28, 46, 50",37
"4, 13, 18, 49, 59",21
"7, 26, 36, 49, 58",5
"32, 42, 50, 58, 59",4
"19, 30, 32, 48, 57",31
"8, 12, 14, 22, 29",14
"7, 32, 37, 46, 50",22
"10, 11, 14, 45, 51",26
"2, 19, 26, 41, 54",17
"3, 11, 26, 46, 51",23
"14, 22, 38, 49, 59",23
"6, 16, 34, 45, 51",16
"5, 16, 25, 30, 49",4
"5, 15, 25, 30, 40",39
"13, 32, 45, 49, 50",6
"2, 20, 21, 38, 50",30
"12, 24, 48, 50, 57",22
"41, 42, 52, 54, 57",22
"18, 20, 34, 36, 39",30
"7, 8, 20, 25, 29",19
"5, 24, 25, 30, 49",11
"17, 37, 40, 51, 56",23
"13, 28, 38, 41, 56",25
"4, 16, 18, 51, 53",25
"9, 16, 27, 35, 57",23
"18, 23, 36, 47, 59",29
"1, 20, 37, 52, 53",36
"1, 21, 23, 30, 43",33
"3, 6, 20, 32, 51",11
"14, 24, 31, 43, 51",23
"14, 15, 26, 32, 36",27
"10, 25, 32, 34, 47",12
"4, 33, 37, 45, 50",5
"25, 34, 41, 46, 49",11
"5, 37, 39, 46, 53",29
"2, 5, 38, 43, 59",8
"5, 17, 33, 46, 52",8
"4, 6, 16, 22, 32",9
"4, 21, 26, 28, 47",11
"26, 50, 51, 52, 57",37
"1, 4, 20, 39, 42",37
"19, 42, 50, 53, 56",2
"4, 9, 22, 41, 44",39
"9, 32, 38, 52, 53",14
"18, 22, 26, 39, 48",15
"16, 18, 24, 51, 53",17
"3, 11, 18, 22, 28",16
"5, 9, 37, 42, 53",33
"13, 16, 20, 35, 41",27
"15, 26, 27, 42, 58",6
"10, 18, 23, 30, 45",37
"16, 20, 22, 32, 37",2
"1, 23, 42, 51, 59",9
"5, 6, 12, 16, 21",20
"19, 23, 34, 52, 57",7
"23, 30, 31, 35, 42",21
"6, 7, 31, 40, 56",6
"19, 30, 32, 37, 40",38
"4, 15, 32, 49, 58",37
"7, 8, 12, 22, 31",21
"3, 20, 38, 42, 47",18
"6, 19, 36, 50, 59",27
"8, 26, 30, 42, 52",13
"15, 22, 30, 37, 48",15
"7, 15, 28, 43, 44",12
"16, 22, 26, 27, 59",20
"7, 28, 35, 46, 49",5
"52, 56, 1, 6, 48",20
"21, 57, 58, 14, 50",9
"2, 33, 41, 54, 9",7
"48, 2, 16, 41, 3",14
"23, 47, 10, 20, 54",19
"49, 27, 23, 52, 19",26
"16, 29, 26, 45, 41",21
"7, 44, 33, 30, 51",1
"13, 7, 47, 3, 34",10
"59, 27, 56, 28, 21",30
"6, 1, 44, 55, 49",21
"3, 58, 16, 20, 42",36
"32, 49, 42, 56, 17",7
"31, 46, 13, 45, 41",11
"44, 15, 56, 39, 2",21
"9  , 33, 8, 45, 9, 2",15
"5, 22, 45, 49, 10",5
"18, 53, 5, 28, 20",37
"24, 44, 30, 32, 7",27
"33, 26, 14, 41, 1",18
"10, 32, 18, 5, 23",37
"6, 37, 42, 20, 25",4
"26, 20, 54, 46, 38",25
"9, 5, 59, 23, 2",23
"46, 34, 25, 8, 39",26
"8, 56, 10, 18, 43",34
"31, 52, 23, 33, 38",9
"38, 22, 55, 24, 17",24
"11, 53, 8, 7, 17",24
"12, 43, 15, 31, 26",36
"17, 2, 32, 22, 41",10
"3, 19, 32, 54, 14",8
"11, 7, 30, 24, 18",24
"40, 14, 28, 26, 31",26
"37, 6, 41, 24, 15",13
"53, 9, 39, 43, 35",37
"17, 21, 25, 16, 55",10
"5, 55, 33, 39, 36",3
"11, 31, 52, 26, 34",21
"19, 32, 26, 45, 17",14
"8, 45, 13, 39, 38",14
"7, 44, 8, 12, 3",31
"18, 45, 25, 1, 29",37
"40, 36, 4, 21, 2",2
"18, 33, 36, 4, 8",41
"40, 4, 41, 6, 26",32
"37, 50, 20, 30, 52",15
"48, 1, 3, 38, 14",33
"17, 52, 10, 33, 51",2
"40, 10, 14, 32, 49",5
"3, 13, 38, 32, 48",15
"39, 3, 17, 47, 7",13
"48, 12, 54, 17, 2",9
"39, 4, 32, 1, 26",2
"43, 39, 8, 9, 55",18
"40, 24, 13, 29, 52",26
"32, 36, 13, 21, 5",29
"47, 30, 40, 28, 6",33
"12, 26, 32, 23, 44",24
"29, 17, 7, 51, 43",20
"37, 28, 15, 53, 14",38
"26, 54, 49, 25, 17",18
"49, 38, 40, 46, 50",11
"14, 32, 47, 2, 15",34
"13, 49, 31, 48, 36",36
"47, 33, 18, 48, 24",11
"15, 24, 47, 35, 16",23
"5, 43, 34, 52, 40",26
"31, 10, 5, 23, 19",20
"53, 40, 32, 49, 43",26
"24, 37, 5, 36, 51",21
"5, 28, 33, 2, 54",19
"25, 55, 3, 51, 45",30
"51, 55, 21, 12, 13",13
"52, 11, 14, 35, 41",18
"55, 46, 53, 6, 28",2
"3, 23, 15, 42, 29",2
"20, 50, 12, 2, 22",17
"5, 31, 7, 49, 53",17
"24, 47, 34, 1, 48",14
"46, 33, 52, 48, 4",18
"26, 32, 14, 34, 44",17
"53, 45, 14, 21, 25",6
"8, 7, 50, 31, 9",9
"52, 9, 31, 39, 12",31
"50, 31, 9, 20, 11",32
"7, 49, 18, 28, 21",14
"26, 44, 34, 12, 48",1
"18, 5, 52, 40, 20",9
"9, 17, 3, 14, 25",3
"18, 45, 22, 10, 37",8
"40, 33, 51, 52, 41",9
"21, 33, 42, 7, 16",6
"12, 21, 14, 15, 43",25
"46, 29, 21, 32, 19",30
"30, 7, 18, 45, 41",32
"42, 26, 25, 28, 9",6
"28, 2, 36, 46, 42",26
"25, 51, 43, 17, 1",40
"27, 45, 7, 12, 17",38
"22, 39, 21, 20, 11",24
"24, 13, 19, 39, 33",1
"21, 18, 11, 16, 51",8
"52, 11, 55, 48, 29",16
"46, 13, 32, 3, 19",36
"30, 47, 27, 12, 37",18
"37, 1, 55, 44, 34",26
"18, 36, 31, 25, 20",33
"20, 37, 49, 9, 12",7
"48, 46, 28, 25, 7",17
"29, 6, 8, 49, 41",19
"6, 42, 43, 47, 22",42
"30, 12, 34, 19, 36",16
"29, 49, 17, 34, 31",8
"10, 15, 23, 16, 31",16
"31, 21, 19, 2, 55",5
"37, 48, 53, 20, 24",19
"23, 29, 8, 13, 47",11
"20, 9, 36, 22, 12",32
"3, 49, 4, 20, 8",31
"32, 13, 38, 51, 19",18
"24, 4, 23, 43, 30",30
"3, 43, 5, 42, 12",28
"14, 44, 25, 26, 16",5
"55, 2, 17, 41, 54",30
"39, 53, 35, 11, 54",17
"48, 47, 35, 4, 16",24
"28, 20, 23, 25, 27",39
"9, 18, 47, 38, 19",2
"47, 53, 43, 23, 39",11
"2, 20, 13, 23, 21",14
"33, 11, 16, 4, 40",24
"31, 34, 48, 11, 2",9
"8, 12, 17, 35, 49",5
"8, 32, 41, 54, 55",18
"5, 10, 11, 34, 38",20
"15, 18, 22, 23, 42",21
"22, 37, 47, 48, 50",37
"7, 14, 33, 40, 55",17
"4, 8, 25, 29, 31",15
"1, 8, 15, 21, 55",41
"7, 32, 39, 41, 55",41
"8, 23, 32, 37, 39",13
"1, 7, 13, 23, 35",38
"3, 11, 13, 20, 40",19
"17, 27, 49, 52, 53",20
"16, 18, 20, 30, 48",23
"6, 22, 24, 26, 30",6
"22, 29, 35, 46, 52",12
"1, 31, 38, 40, 53",2
"6, 16, 18, 29, 37",42
"13, 25, 30, 40, 43",24
"10, 11, 18, 49, 52",12
"10, 11, 37, 40, 54",2
"14, 15, 19, 42, 46",10
"21, 30, 34, 36, 49",37
"12, 16, 31, 33, 54",42
"8, 30, 32, 33, 51",5
"2, 4, 14, 15, 28",2
"31, 33, 38, 49, 55",23
"25, 27, 31, 44, 54",39
"4, 9, 18, 43, 55",8
"20, 25, 26, 45, 46",3
"13, 16, 27, 48, 51",15
"5, 24, 26, 33, 47",21
"7, 12, 28, 30, 48",1
"11, 20, 21, 30, 48",40
"12, 19, 23, 37, 39",18
"13, 16, 33, 44, 47",13
"2, 8, 23, 29, 35",29
"12, 37, 40, 48, 50",19
"12, 15, 28, 31, 50",37
"19, 22, 24, 38, 51",12
"1, 10, 11, 37, 40",9
"9, 16, 21, 30, 52",20
"2, 23, 24, 27, 36",9
"9, 16, 23, 51, 52",3
"15, 19, 24, 27, 47",12
"28, 35, 40, 47, 53",11
"14, 30, 39, 43, 46",30
"3, 9, 14, 40, 42",14
"1, 21, 30, 34, 36",3
"8, 20, 29, 42, 43",37
"15, 21, 27, 41, 47",35
"1, 2, 15, 17, 49",20
"24, 38, 39, 46, 47",35
"9, 11, 13, 24, 43",26
"14, 15, 27, 43, 53",18
"23, 31, 32, 37, 55",28
"4, 8, 32, 47, 51",35
"10, 13, 28, 30, 47",27
"7, 10, 25, 32, 41",26
"5, 9, 14, 45, 48",22
"2, 22, 32, 36, 47",28
"7, 23, 35, 54, 55",36
"1, 5, 21, 46, 51",28
"3, 11, 24, 36, 38",29
"3, 19, 21, 26, 45",6
"6, 7, 16, 34, 42",2
"30, 44, 46, 51, 53",23
"2, 13, 30, 44, 52",25
"13, 21, 29, 40, 50",40
"1, 8, 35, 40, 47",6
"16, 22, 43, 46, 49",9
"12, 13, 14, 17, 53",10
"22, 26, 28, 33, 45",11
"6, 10, 12, 13, 24",17
"12, 21, 36, 38, 49",19
"6, 15, 38, 42, 51",18
"2, 28, 31, 54, 55",18
"19, 30, 39, 40, 53",23
"2, 5, 16, 36, 40",16
"6, 20, 35, 37, 47",36
"10, 38, 40, 48, 53",1
"16, 24, 38, 53, 54",3
"7, 17, 44, 47, 54",5
"4, 27, 30, 39, 44",3
"14, 18, 34, 42, 43",18
"13, 16, 18, 19, 46",32
"1, 5, 16, 22, 48",36
"13, 20, 41, 42, 53",6
"36, 38, 42, 54, 55",2
"2, 8, 22, 29, 37",24
"1, 15, 35, 37, 45",3
"3, 26, 30, 54, 55",32
"2, 11, 16, 41, 42",15
"4, 22, 28, 37, 52",16
"12, 13, 20, 33, 42",10
"2, 15, 25, 42, 48",37
"10, 19, 26, 27, 32",14
"9, 19, 29, 42, 53",14
"1, 5, 26, 32, 38",17
"16, 35, 49, 50, 52",30
"1, 21, 23, 25, 26",31
"36, 42, 45, 53, 54",4
"1, 24, 40, 49, 50",36
"10, 12, 24, 35, 55",38
"9, 23, 28, 31, 36",31
"14, 16, 27, 29, 41",26
"8, 27, 43, 52, 53",29
"1, 6, 14, 26, 34",5
"5, 17, 28, 36, 51",34
"19, 32, 33, 42, 54",5
"19, 22, 30, 34, 52",15
"7, 34, 35, 36, 38",40
"17, 34, 42, 45, 50",14
"2, 8, 9, 12, 19",11
"5, 18, 28, 49, 55",25
"22, 32, 36, 49, 55",38
"1, 8, 19, 36, 42",8
"11, 28, 30, 34, 43",20
"35, 38, 40, 49, 55",29
"8, 11, 12, 26, 53",41
"12, 13, 34, 39, 44",4
"7, 8, 13, 46, 54",5
"14, 22, 30, 38, 41",35
"16, 40, 42, 43, 48",12
"9, 29, 31, 45, 55",1
"2, 24, 34, 41, 48",7
"1, 15, 17, 26, 40",24
"5, 10, 12, 35, 38",19
"3, 4, 8, 31, 45",9
"3, 7, 27, 39, 40",12
"6, 15, 30, 32, 39",8
"23, 28, 33, 35, 49",5
"13, 21, 26, 45, 50",16
"7, 8, 17, 29, 54",20
"7, 8, 26, 27, 42",26
"15, 19, 26, 45, 47",12
"3, 19, 20, 22, 47",3
"2, 21, 27, 35, 55",2
"3, 8, 24, 28, 49",1
"3, 19, 33, 35, 43",25
"24, 26, 38, 42, 46",1
"8, 17, 24, 38, 51",16
"12, 22, 26, 29, 51",31
"2, 13, 22, 48, 50",9
"13, 14, 18, 27, 54",2
"16, 19, 41, 43, 52",32
"2, 3, 9, 48, 50",35
"10, 13, 16, 19, 24",23
"14, 19, 26, 39, 55",15
"5, 10, 17, 24, 43",29
"14, 40, 47, 54, 55",31
"2, 32, 38, 44, 50",6
"20, 35, 36, 47, 50",21
"18, 19, 30, 31, 33",5
"32, 37, 44, 49, 50",15
"26, 39, 41, 52, 53",13
"2, 31, 35, 40, 42",20
"2, 8, 16, 45, 51",34
"8, 11, 30, 39, 47",32
"11, 19, 22, 43, 45",23
"10, 20, 22, 39, 48",34
"4, 14, 15, 40, 48",25
"16, 24, 26, 36, 54",12
"4, 10, 20, 26, 40",11
"5, 6, 18, 20, 50",8
"10, 20, 22, 43, 49",35
"6, 23, 27, 41, 47",3
"2, 3, 12, 47, 51",19
"2, 9, 23, 44, 45",10
"15, 17, 24, 26, 35",38
"19, 28, 30, 47, 54",38
"3, 4, 11, 37, 44",13
"12, 23, 25, 32, 38",24
"4, 6, 19, 38, 42",27
"19, 30, 35, 40, 41",37
"12, 24, 26, 48, 55",14
"4, 5, 6, 18, 27",14
"5, 28, 32, 34, 53",24
"13, 18, 23, 28, 46",10
"16, 26, 34, 35, 41",33
"4, 23, 35, 43, 44",24
"3, 9, 24, 29, 39",35
"1, 10, 23, 50, 55",42
"2, 14, 24, 28, 54",29
"20, 34, 37, 39, 45",13
"18, 22, 23, 38, 45",32
"1, 25, 34, 36, 42",31
"7, 12, 36, 48, 54",19
"16, 35, 37, 52, 54",37
"1, 5, 7, 21, 43",33
"13, 22, 27, 52, 55",20
"10, 25, 35, 38, 41",26
"3, 37, 46, 48, 51",23
"9, 23, 47, 53, 55",22
"15, 17, 43, 44, 48",39
"3, 13, 35, 39, 40",29
"7, 38, 40, 51, 52",37
"14, 25, 32, 48, 54",14
"4, 12, 13, 30, 38",10
"11, 13, 30, 35, 55",30
"14, 15, 26, 28, 36",37
"10, 37, 43, 50, 52",36
"3, 18, 39, 43, 54",14
"15, 29, 38, 52, 53",41
"6, 14, 40, 46, 49",7
"3, 6, 14, 17, 18",17
"2, 16, 21, 32, 43",14
"10, 23, 42, 48, 54",6
"4, 30, 37, 43, 46",3
"12, 15, 30, 46, 54",42
"4, 10, 33, 34, 50",1
"9, 12, 16, 23, 43",14
"24, 36, 44, 46, 53",37
"8, 15, 16, 45, 51",18
"3, 21, 34, 42, 45",11
"19, 30, 41, 45, 54",39
"2, 15, 26, 37, 42",14
"19, 23, 27, 42, 52",36
"28, 34, 37, 45, 53",1
"9, 12, 24, 25, 27",32
"8, 15, 20, 41, 54",33
"5, 18, 20, 21, 44",22
"17, 37, 41, 48, 55",27
"5, 13, 14, 31, 49",39
"7, 25, 29, 37, 50",30
"6, 11, 14, 27, 41",17
"14, 19, 22, 41, 50",38
"2, 10, 39, 42, 43",21
"6, 7, 36, 51, 53",23
"7, 21, 43, 44, 49",17
"1, 7, 8, 34, 45",29
"4, 9, 18, 51, 54",15
"26, 31, 35, 46, 50",10
"2, 15, 25, 30, 45",28
"8, 18, 38, 45, 54",17
"7, 22, 27, 48, 50",23
"2, 10, 31, 43, 55",17
"3, 28, 34, 35, 50",14
"5, 9, 27, 49, 52",8
"21, 24, 42, 49, 50",6
"8, 10, 11, 48, 50",1
"12, 32, 40, 50, 54",16
"1, 3, 30, 31, 43",37
"13, 17, 19, 41, 50",36
"8, 22, 31, 39, 44",13
"9, 11, 26, 35, 51",11
"13, 27, 28, 29, 49",32
"3, 8, 30, 43, 53",36
"1, 2, 18, 37, 43",15
"13, 31, 36, 38, 49",37
"1, 9, 19, 36, 53",2
"5, 19, 24, 28, 39",33
"8, 14, 35, 38, 46",24
"1, 4, 10, 13, 29",24
"13, 16, 20, 28, 32",3
"6, 7, 32, 39, 51",36
"8, 32, 33, 41, 50",31
"4, 5, 13, 23, 43",22
"8, 9, 39, 47, 53",34
"2, 12, 25, 30, 48",4
"9, 10, 29, 39, 52",38
"3, 8, 22, 42, 49",20
"7, 28, 31, 32, 40",39
"9, 13, 23, 42, 51",14
"5, 8, 10, 16, 24",15
"14, 20, 22, 39, 44",5
"3, 10, 14, 24, 46",14
"10, 36, 40, 42, 43",37
"7, 16, 38, 44, 48",42
"15, 34, 39, 42, 50",18
"5, 7, 24, 28, 39",12
"27, 29, 31, 42, 46",36
"2, 5, 7, 10, 30",33
"7, 13, 17, 20, 35",23
"21, 29, 38, 49, 52",35
"5, 25, 46, 48, 49",42
"21, 23, 39, 44, 47",6
"10, 21, 27, 33, 40",19
"8, 15, 17, 32, 48",2
"11, 13, 18, 32, 42",24
"8, 9, 13, 15, 50",4
"7, 16, 33, 34, 46",9
"11, 38, 44, 45, 51",27
"6, 13, 37, 51, 52",41
"1, 11, 35, 46, 53",25
"5, 11, 14, 22, 51",29
"5, 9, 11, 17, 46",17
"22, 28, 32, 33, 39",39
"9, 12, 35, 41, 51",42
"23, 29, 37, 40, 45",36
"1, 21, 28, 32, 41",38
"11, 19, 25, 38, 50",9
"7, 23, 40, 46, 52",35
"10, 17, 20, 23, 45",41
"9, 13, 27, 40, 53",31
"3, 10, 18, 46, 48",28
"8, 22, 30, 33, 49",8
"4, 10, 15, 48, 51",6
"12, 15, 18, 27, 52",13
"21, 25, 27, 41, 48",36
"18, 21, 28, 49, 50",25
"9, 10, 15, 18, 29",16
"11, 34, 37, 44, 47",9
"10, 11, 16, 40, 44",23
"11, 16, 20, 29, 41",2
"5, 32, 43, 47, 48",12
"11, 23, 32, 33, 34",33
"9, 18, 32, 33, 49",38
"21, 26, 37, 49, 51",27
"21, 23, 27, 38, 50",25
"9, 11, 22, 24, 43",38
"4, 7, 10, 30, 37",2
"22, 23, 26, 44, 47",37
"24, 29, 33, 38, 44",12
"29, 32, 39, 45, 53",7
"2, 7, 11, 24, 31",16
"1, 25, 29, 30, 45",18
"1, 6, 11, 38, 53",12
"6, 7, 16, 41, 53",11
"13, 17, 35, 45, 50",23
"6, 9, 16, 22, 30",2
"3, 28, 36, 38, 44",4
"16, 28, 35, 36, 47",1
"3, 19, 47, 49, 53",31
"4, 29, 45, 48, 50",4
"15, 25, 31, 36, 46",1
"5, 6, 26, 33, 34",37
"14, 21, 29, 43, 45",13
"18, 22, 33, 38, 40",26
"11, 35, 43, 45, 48",19
"20, 27, 30, 40, 48",42
"11, 17, 40, 44, 51",11
"15, 24, 49, 50, 52",21
"1, 11, 17, 41, 46",40
"5, 20, 22, 36, 42",24
"5, 14, 17, 45, 46",11
"1, 3, 10, 47, 48",41
"5, 6, 19, 44, 50",27
"2, 13, 29, 32, 35",28
"16, 28, 33, 35, 37",4
"11, 25, 40, 41, 48",17
"6, 14, 34, 37, 40",3
"2, 14, 27, 31, 36",7
"1, 8, 17, 28, 50",9
"25, 34, 36, 46, 49",20
"2, 4, 28, 33, 52",9
"13, 15, 25, 26, 46",18
"31, 33, 44, 45, 51",28
"6, 30, 35, 39, 45",31
"1, 30, 32, 37, 50",31
"3, 16, 27, 39, 40",19
"31, 33, 35, 40, 42",3
"4, 10, 11, 18, 43",40
"5, 10, 29, 33, 51",41
"8, 9, 16, 34, 48",35
"11, 22, 26, 37, 51",8
"14, 31, 35, 45, 47",21
"4, 19, 39, 40, 50",35
"2, 3, 13, 29, 52",22
"3, 31, 38, 42, 46",25
"20, 23, 36, 45, 50",2
"9, 24, 45, 49, 50",9
"16, 17, 23, 26, 44",37
"18, 25, 30, 34, 41",13
"3, 8, 12, 30, 47",10
"2, 29, 31, 45, 47",23
"9, 17, 32, 41, 47",4
"9, 12, 16, 20, 39",8
"2, 9, 36, 37, 48",1
"16, 18, 26, 39, 48",16
"6, 20, 43, 48, 52",22
"1, 31, 33, 37, 50",28
"5, 26, 39, 41, 42",40
"5, 6, 12, 26, 29",39
"1, 16, 30, 32, 39",30
"3, 10, 31, 35, 38",2
"1, 7, 36, 42, 49",16
"14, 15, 31, 37, 41",41
"1, 26, 27, 43, 46",31
"11, 31, 35, 42, 45",31
"3, 9, 17, 37, 43",35
"9, 16, 21, 25, 32",39
"1, 10, 34, 39, 47",8
"27, 34, 42, 49, 52",33
"2, 13, 22, 35, 44",23
"8, 11, 34, 42, 51",28
"4, 29, 34, 41, 42",27
"1, 6, 20, 22, 38",11
"2, 9, 30, 47, 48",22
"2, 7, 16, 35, 37",40
"6, 7, 26, 32, 43",10
"15, 31, 34, 39, 50",13
"2, 15, 17, 30, 34",35
"18, 20, 39, 43, 47",32
"2, 14, 24, 27, 44",31
"7, 15, 20, 24, 43",6
"11, 44, 45, 48, 50",5
"10, 20, 22, 41, 49",2
"9, 17, 46, 49, 51",6
"5, 11, 17, 23, 53",9
"6, 25, 26, 52, 53",34
"4, 5, 11, 17, 47",40
"15, 22, 26, 48, 53",35
"4, 24, 36, 44, 50",14
"10, 24, 25, 35, 43",2
"5, 16, 28, 50, 52",32
"31, 34, 35, 39, 46",4
"7, 12, 17, 25, 32",3
"3, 6, 27, 37, 41",33
"8, 13, 17, 39, 48",38
"1, 5, 37, 38, 53",34
"13, 17, 34, 41, 45",31
"8, 9, 32, 45, 48",17
"12, 33, 40, 44, 50",15
"2, 13, 19, 27, 50",40
"4, 7, 14, 18, 44",5
"4, 5, 22, 41, 42",25
"5, 7, 18, 28, 35",2
"16, 17, 32, 34, 43",1
"1, 6, 31, 34, 44",31
"12, 20, 24, 25, 48",25
"15, 18, 19, 21, 43",37
"17, 19, 25, 26, 44",7
"4, 17, 26, 37, 40",19
"21, 24, 37, 41, 45",15
"1, 10, 35, 37, 43",39
"14, 36, 39, 43, 51",30
"1, 3, 16, 37, 41",15
"9, 12, 17, 29, 45",19
"16, 26, 36, 42, 47",4
"8, 20, 22, 32, 52",33
"7, 11, 19, 20, 22",39
"5, 8, 24, 38, 52",1
"6, 20, 27, 38, 39",22
"16, 19, 34, 37, 47",31
"8, 19, 22, 34, 53",18
"6, 17, 45, 47, 48",29
"3, 25, 27, 28, 53",4
"22, 25, 33, 34, 35",35
"6, 9, 29, 39, 52",14
"11, 14, 21, 32, 45",8
"3  , 1, 6, 7, 8, 25",21
"8, 13, 29, 44, 48",18
"4, 5, 19, 21, 50",36
"9, 20, 30, 41, 48",41
"17, 19, 20, 28, 47",29
"11, 13, 28, 31, 33",37
"2, 19, 24, 32, 34",29
"6, 10, 19, 28, 32",2
"3, 17, 29, 30, 33",39
"6, 15, 18, 20, 41",34
"6, 9, 19, 24, 40",17
"9, 35, 36, 41, 49",31
"24, 31, 36, 42, 46",33
"1, 39, 46, 50, 51",32
"8, 22, 35, 46, 48",7
"13, 15, 20, 37, 42",15
"26, 31, 35, 44, 48",7
"18, 23, 25, 26, 40",32
"11, 14, 26, 31, 48",15
"17, 40, 41, 42, 46",30
"18, 22, 26, 31, 49",25
"9, 10, 30, 32, 34",28
"4, 16, 34, 37, 51",11
"14, 29, 30, 34, 48",38
"18, 27, 28, 30, 49",1
"6, 16, 50, 51, 52",20
"19, 21, 26, 31, 51",23
"5, 17, 25, 37, 49",40
"16, 17, 24, 26, 45",21
"7, 9, 14, 41, 44",36
"5, 26, 35, 43, 50",25
"15, 19, 27, 36, 44",4
"19, 20, 21, 45, 46",17
"12, 26, 40, 42, 50",20
"12, 16, 43, 44, 46",3
"11, 17, 26, 27, 40",38
"2, 14, 24, 26, 53",6
"10, 26, 30, 46, 52",1
"6, 16, 17, 19, 38",35
"10, 42, 48, 49, 50",16
"4, 30, 32, 35, 41",42
"5, 13, 18, 42, 50",9
"20, 33, 34, 45, 52",4
"1, 2, 6, 10, 20",21
"13, 18, 34, 35, 51",38
"14, 21, 39, 40, 47",28
"7, 13, 17, 32, 33",6
"5, 11, 13, 22, 36",35
"14, 15, 23, 31, 51",31
"10, 18, 40, 46, 48",34
"4, 25, 39, 41, 50",30
"17, 27, 28, 35, 52",31
"6, 28, 35, 38, 51",2
"7, 14, 23, 46, 49",41
"12, 17, 35, 47, 50",20
"2, 9, 17, 25, 36",13
"10, 28, 31, 40, 52",8
"5, 29, 31, 47, 49",41
"19, 37, 40, 47, 51",25
"12, 30, 41, 45, 52",40
"5, 24, 25, 44, 52",35
"1, 5, 20, 21, 45",20
"2, 24, 28, 37, 44",24
"6, 7, 27, 28, 41",6
"10, 23, 27, 31, 34",3
"3  , 2, 5, 6, 9, 10",11
"6, 11, 16, 17, 44",26
"1, 26, 29, 38, 42",26
"7, 12, 19, 47, 49",30
"2, 13, 20, 21, 23",6
"3  , 2, 5, 7, 9, 48",35
"2, 11, 16, 21, 39",32
"10, 12, 27, 30, 53",42
"10, 12, 15, 49, 51",28
"20, 28, 30, 40, 43",21
"4, 17, 34, 48, 52",3
"4, 17, 30, 42, 44",10
"9, 45, 46, 48, 51",15
"16, 22, 26, 44, 46",2
"1, 11, 37, 39, 40",20
"18, 34, 42, 43, 53",23
"2, 15, 38, 43, 50",17
"5, 14, 16, 29, 53",29
"5, 22, 34, 39, 52",7
"2, 14, 33, 50, 52",30
"8, 17, 24, 42, 44",22
"6, 12, 14, 22, 33",37
"3, 17, 27, 32, 48",21
"13, 20, 21, 35, 40",1
"1, 4, 19, 21, 29",35
"1, 20, 25, 40, 53",8
"15, 16, 19, 21, 49",19
"14, 21, 22, 29, 44",5
"32, 33, 35, 40, 51",3
"18, 23, 31, 38, 50",1
"30, 36, 38, 40, 53",20
"9, 11, 12, 17, 19",8
"8, 15, 32, 34, 35",23
"9, 16, 19, 23, 41",34
"12, 14, 27, 33, 39",12
"2, 14, 18, 30, 31",41
"4, 18, 20, 25, 42",36
"8, 11, 24, 31, 37",29
"23, 26, 46, 49, 52",41
"9, 10, 38, 42, 43",28
"14, 19, 22, 39, 43",5
"2, 4, 5, 38, 43",12
"12, 22, 24, 31, 35",34
"1, 12, 23, 36, 49",8
"3, 11, 28, 40, 45",9
"6, 27, 32, 42, 44",33
"5, 14, 26, 31, 40",10
"3, 6, 26, 39, 48",29
"6, 12, 19, 24, 34",28
"15, 18, 26, 31, 36",18
"12, 14, 22, 29, 41",20
"24, 30, 36, 37, 38",41
"5, 10, 18, 24, 45",42
"1, 6, 43, 47, 48",20
"3, 26, 33, 42, 46",36
"4, 16, 19, 33, 41",41
"11, 16, 21, 27, 35",29
"13, 35, 40, 46, 47",31
"13, 19, 24, 33, 34",35
"2, 4, 6, 22, 34",41
"2, 5, 17, 22, 44",26
"16, 19, 22, 34, 37",30
"2, 3, 6, 13, 26",20
"10, 11, 25, 40, 45",10
"3, 22, 37, 42, 49",25
"26, 31, 37, 43, 45",8
"2, 9, 27, 36, 39",32
"7, 19, 38, 48, 49",13
"4, 33, 35, 36, 45",10
"6, 9, 17, 23, 24",22
"1, 16, 26, 37, 48",14
"2  , 1, 3, 4, 7, 11",9
"7, 8, 16, 42, 43",23
"13, 18, 27, 39, 49",15
"26, 37, 42, 46, 48",20
"1, 18, 21, 36, 47",38
"2, 6, 17, 19, 27",33
"18, 28, 31, 35, 49",2
"9, 29, 30, 33, 42",13
"5, 20, 22, 23, 34",27
"2, 18, 25, 31, 32",19
"30, 33, 36, 37, 49",1
"3, 15, 16, 36, 40",35
"6, 11, 25, 28, 34",22
"6, 7, 9, 12, 20",35
"3, 26, 32, 45, 48",20
"1, 9, 12, 18, 33",6
"1, 13, 16, 33, 43",14
"27, 34, 40, 42, 44",1
"2, 3, 22, 23, 36",8
"16, 22, 32, 33, 38",22
"7, 12, 17, 29, 48",13
"15, 16, 22, 30, 35",21
"8, 14, 17, 29, 36",20
"8, 13, 16, 19, 29",3
"15, 35, 40, 43, 46",37
"1, 2, 10, 39, 48",33
"4, 20, 25, 30, 49",13
"10, 16, 37, 38, 45",37
"4, 27, 28, 33, 49",14
"2, 12, 38, 44, 49",39
"5, 7, 15, 30, 38",19
"6, 22, 25, 36, 46",2
"1, 2, 6, 19, 45",34
"8, 15, 19, 21, 38",27
"8, 9, 19, 22, 25",33
"19, 31, 32, 42, 45",11
"2, 10, 33, 38, 43",6
"17, 21, 30, 35, 36",19
"10, 24, 28, 34, 35",12
"12, 19, 27, 43, 45",32
"7, 9, 15, 21, 40",28
"5, 14, 15, 22, 30",18
"14, 18, 30, 32, 47",31
"21, 23, 35, 41, 49",36
"24, 31, 34, 40, 47",5
"13, 19, 22, 41, 47",30
"7, 39, 40, 42, 43",5
"7, 8, 14, 17, 32",4
"23, 36, 42, 44, 46",15
"10, 15, 27, 43, 45",33
"8, 19, 23, 39, 41",31
"14, 24, 27, 33, 34",21
"20, 26, 35, 36, 43",6
"8, 11, 13, 22, 37",23
"4, 20, 35, 43, 47",17
"17, 26, 31, 35, 48",27
"8, 9, 13, 14, 21",35
"6, 38, 41, 46, 48",37
"5, 15, 18, 24, 48",37
"10, 12, 27, 37, 42",16
"27, 28, 31, 38, 41",30
"1, 7, 10, 27, 35",13
"4, 17, 28, 30, 40",34
"7, 13, 16, 33, 38",3
"2, 4, 6, 17, 25",13
"6, 14, 36, 37, 49",31
"2, 16, 18, 35, 40",20
"1, 10, 17, 28, 45",41
"6, 15, 24, 27, 42",20
"7, 16, 33, 40, 47",32
"5, 7, 29, 40, 46",33
"37, 40, 41, 46, 48",5
"1, 7, 8, 16, 19",20
"1, 5, 9, 21, 31",37
"2, 20, 23, 35, 49",12
"2, 15, 21, 29, 47",25
"18, 26, 30, 35, 44",12
"23, 27, 34, 39, 42",19
"21, 26, 28, 31, 41",40
"19, 28, 33, 43, 49",29
"13, 25, 35, 39, 47",23
"6, 12, 13, 28, 48",1
"14, 18, 24, 33, 42",26
"7, 24, 27, 30, 44",8
"4, 9, 32, 35, 49",29
"8, 17, 22, 42, 47",28
"2, 28, 30, 36, 39",21
"3, 14, 20, 22, 48",10
"29, 37, 40, 43, 44",17
"11, 14, 20, 25, 41",6
"2, 10, 25, 37, 41",8
"16, 20, 24, 26, 46",2
"24, 25, 26, 34, 39",9
"4, 23, 33, 36, 45",31
"16, 23, 29, 37, 39",29
"3, 15, 19, 20, 27",17
"4, 9, 26, 31, 49",20
"1, 13, 15, 27, 41",2
"10, 16, 18, 24, 26",2
"3, 9, 22, 34, 46",13
"30, 25, 3, 28, 26",17
"3, 6, 33, 34, 39",10
"3, 7, 13, 16, 35",15
"6, 35, 38, 40, 42",22
"5, 9, 14, 18, 49",36
"2, 13, 17, 44, 45",32
"9, 32, 34, 36, 41",14
"20, 23, 37, 42, 43",14
"10, 20, 21, 40, 45",27
"10, 17, 26, 45, 48",22
"11, 12, 28, 36, 43",38
"9, 10, 21, 24, 40",9
"19, 21, 32, 34, 49",36
"6, 10, 21, 47, 49",38
"12, 13, 20, 28, 44",2
"11, 16, 28, 29, 36",17
"9, 14, 19, 22, 49",21
"7, 9, 19, 20, 45",34
"2, 19, 30, 36, 42",5
"1, 11, 20, 34, 39",19
"14, 26, 28, 29, 39",37
"5, 24, 25, 30, 38",39
"6, 11, 18, 20, 44",40
"3, 8, 16, 29, 30",39
"4, 21, 32, 39, 41",4
"18, 20, 31, 37, 41",31
"5, 12, 13, 16, 43",1
"11, 27, 37, 39, 41",11
"4, 12, 27, 31, 43",42
"2, 28, 37, 40, 49",20
"13, 14, 18, 20, 21",22
"15, 16, 18, 20, 36",16
"12, 22, 27, 42, 49",18
"12, 19, 26, 30, 33",34
"9, 23, 32, 40, 45",11
"8, 9, 23, 36, 44",31
"1, 3, 9, 46, 47",15
"29, 30, 34, 41, 49",22
"4, 10, 32, 39, 45",37
"4, 22, 31, 39, 41",25
"5, 18, 29, 41, 42",6
"16, 38, 41, 46, 47",16
"4, 6, 7, 31, 33",25
"21, 27, 29, 41, 44",20
"15, 21, 27, 37, 47",9
"8, 19, 32, 41, 45",16
"31, 34, 39, 42, 49",37
"1, 11, 25, 29, 36",26
"9, 16, 28, 31, 48",40
"14, 19, 23, 29, 42",36
"6, 9, 22, 23, 35",26
"1, 22, 24, 39, 43",6
"9, 19, 29, 38, 49",26
"23, 26, 29, 38, 46",20
"15, 22, 24, 32, 39",35
"6, 11, 15, 22, 27",18
"4, 7, 31, 34, 41",27
"2, 26, 33, 34, 39",28
"6, 10, 19, 38, 43",23
"8, 10, 14, 41, 42",41
"7, 15, 20, 23, 45",20
"11, 14, 22, 38, 41",17
"1, 4, 20, 27, 29",39
"2, 37, 38, 39, 42",17
"5, 18, 40, 44, 47",22
"3, 27, 31, 32, 41",34
"12, 26, 32, 41, 46",33
"4, 12, 21, 38, 46",18
"13, 17, 37, 45, 49",37
"5, 9, 22, 34, 42",4
"4, 10, 14, 29, 39",2
"6, 11, 32, 37, 47",10
"3, 5, 20, 45, 46",13
"13, 19, 24, 44, 45",37
"17, 21, 28, 42, 43",16
"14, 16, 18, 22, 41",25
"26, 32, 41, 44, 45",37
"4, 7, 27, 34, 39",35
"3, 16, 24, 34, 48",1
"19, 24, 32, 43, 44",3
"24, 32, 42, 44, 47",39
"1, 17, 27, 35, 36",15
"17, 21, 23, 33, 45",31
"1, 19, 40, 47, 49",11
"2, 13, 21, 22, 47",14
"14, 18, 20, 29, 42",31
"4, 6, 12, 28, 42",2
"5, 14, 20, 22, 26",6
"4, 25, 29, 36, 46",35
"16, 22, 27, 40, 43",8
"20, 28, 40, 43, 47",5
"10, 13, 17, 23, 36",31
"15, 16, 27, 44, 47",23
"6, 31, 38, 46, 47",14
"11, 17, 18, 19, 28",21
"13, 28, 32, 33, 38",34
"12, 27, 33, 42, 49",14
"11, 24, 26, 38, 41",31
"3, 20, 22, 37, 44",7
"2, 12, 15, 33, 41",36
"5, 8, 18, 36, 38",33
"5, 8, 21, 46, 49",40
"6, 9, 10, 26, 48",34
"2, 7, 10, 34, 39",10
"10, 14, 18, 32, 33",12
"13, 14, 22, 32, 42",2
"13, 24, 27, 30, 45",26
"2, 13, 26, 27, 49",18
"1, 24, 27, 28, 43",4
"6, 15, 25, 44, 47",25
"21, 23, 32, 34, 42",7
"2, 16, 32, 40, 47",5
"19, 39, 45, 46, 49",15
"13, 14, 15, 31, 37",17
"15, 16, 22, 42, 43",10
"2, 22, 29, 30, 44",11
"7, 19, 43, 46, 47",36
"5, 17, 40, 44, 48",4
"16, 17, 20, 28, 49",26
"1, 3, 27, 38, 42",34
"8, 18, 20, 31, 47",24
"4, 27, 29, 39, 41",11
"5, 13, 34, 41, 48",16
"12, 14, 26, 35, 36",7
"5, 10, 17, 24, 37",37
"3, 5, 9, 42, 48",15
"3, 8, 9, 20, 49",35
"15, 26, 28, 40, 48",22
"4, 6, 20, 25, 31",9
"4, 9, 12, 33, 48",6
"6, 8, 11, 18, 39",18
"3, 4, 13, 29, 38",40
"12, 32, 37, 40, 49",21
"6, 30, 43, 45, 48",37
"3, 12, 30, 41, 46",32
"12, 30, 39, 43, 46",32
"14, 15, 19, 38, 44",10
"2, 11, 23, 28, 31",20
"11, 14, 17, 25, 36",39
"0  , 3, 6, 8, 43, 48",38
"21, 22, 29, 30, 38",1
"7, 9, 23, 37, 49",39
"12, 16, 20, 26, 32",7
"14, 23, 24, 45, 48",35
"9, 10, 12, 31, 41",21
"21, 24, 37, 44, 45",37
"5, 29, 36, 40, 49",24
"6, 11, 34, 41, 44",30
"6, 10, 12, 16, 29",20
"6, 8, 28, 32, 47",33
"18, 25, 30, 43, 46",26
"4, 16, 32, 34, 41",18
"12, 31, 35, 37, 44",25
"1, 6, 21, 33, 40",34
"9, 32, 38, 41, 44",28
"7, 28, 35, 40, 48",27
"5, 15, 16, 28, 32",14
"9, 13, 23, 36, 45",39