first,second,third,fourth,fifth,powerball
28,45,53,56,69,10
2,11,22,35,60,20
13,19,36,39,59,23
19,31,40,46,57,13
19,36,37,46,56,23
18,23,35,45,54,24
19,25,48,55,60,16
6,8,15,27,42,18
19,30,36,46,60,10
32,37,40,58,62,25
14,30,41,42,59,15
3,6,11,17,22,6
13,43,53,60,68,11
26,30,33,37,62,5
2,16,22,55,63,6
8,21,22,65,69,22
6,10,24,33,67,26
13,20,31,33,59,11
3,9,21,24,29,20
6,33,34,45,54,14
7,15,36,46,67,7
5,25,36,51,61,7
9,10,20,22,52,1
6,14,16,34,66,25
38,42,56,68,69,25
3,16,30,33,36,4
4,7,32,55,64,20
18,27,49,65,69,25
7,8,19,24,28,9
13,36,43,61,69,1
2,18,56,60,65,18
6,24,35,37,44,14
12,27,34,55,67,22
5,9,11,16,66,9
23,28,41,50,55,7
20,24,47,50,63,24
19,24,35,43,62,5
29,44,59,61,68,2
32,45,51,57,58,19
8,15,46,56,68,12
9,21,56,57,66,3
15,21,31,36,65,11
4,17,57,58,68,16
1,25,44,55,57,12
25,37,38,39,65,26
39,41,54,59,62,5
10,20,23,49,65,12
14,34,36,50,58,22
3,18,23,32,57,5
22,23,36,47,63,21
4,26,34,37,52,2
14,22,42,46,52,9
32,36,49,62,69,24
15,16,24,31,56,13
9,10,37,59,62,4
8,40,49,58,63,26
11,13,18,30,37,14
6,12,20,27,32,16
6,10,31,48,56,4
3,44,61,63,69,12
10,19,40,45,58,13
19,28,41,42,51,25
2,27,42,44,51,7
18,20,26,53,69,25
22,39,43,62,64,5
2,10,35,44,46,7
14,16,36,52,60,4
11,41,56,57,63,16
27,28,51,68,69,2
2,39,50,61,66,22
19,28,39,42,57,15
1,33,37,39,42,17
14,15,25,52,58,26
40,41,58,64,65,11
7,15,22,36,64,17
6,40,41,45,52,13
5,7,61,63,69,9
18,30,35,52,56,18
4,5,6,28,67,5
37,39,55,63,69,10
18,27,33,39,44,23
14,21,37,44,63,8
11,36,61,62,68,1
12,18,20,39,61,4
10,39,47,49,56,10
20,30,45,55,56,8
8,33,55,59,62,14
15,21,32,62,65,18
14,16,41,63,68,26
5,7,24,31,34,26
6,16,31,62,66,4
6,42,45,47,64,18
2,32,39,46,69,18
6,28,47,58,59,6
3,7,21,31,37,18
11,18,39,58,62,11
2,10,50,59,61,3
31,32,37,38,48,6
1,15,26,63,65,24
8,9,18,48,52,16
3,28,34,35,58,6
21,28,32,44,49,17
19,20,37,39,61,6
13,22,34,51,67,8
10,43,55,59,67,10
8,23,37,52,63,2
19,37,48,61,63,13
7,21,39,47,55,12
15,32,36,48,64,19
6,17,21,35,64,19
2,36,37,45,69,18
3,10,15,33,42,3
22,30,40,42,48,11
16,25,27,49,55,16
8,10,21,41,62,17
2,17,33,51,63,7
5,15,38,47,65,26
5,16,27,39,61,10
18,29,33,62,63,24
10,15,51,61,69,15
2,15,38,54,65,14
4,11,38,49,69,11
11,29,30,47,53,16
8,14,33,36,67,16
11,15,43,55,61,17
9,24,35,46,65,10
3,18,37,51,59,22
12,21,22,30,33,13
14,17,18,21,27,24
20,21,36,60,65,9
6,14,25,33,46,13
2,13,32,33,48,17
6,12,39,48,50,22
2,6,9,33,39,7
36,38,45,62,64,11
27,29,45,55,58,19
7,16,19,48,68,2
2,13,23,34,66,15
2,6,24,51,61,2
19,20,40,42,59,1
10,30,37,53,59,15
3,25,44,53,64,4
3,7,33,50,69,10
3,21,38,50,59,24
10,40,45,56,67,6
12,15,38,57,63,2
18,26,28,38,47,24
8,32,55,64,66,17
10,16,32,63,65,10
7,20,29,38,67,17
40,43,48,59,69,22
3,16,48,52,60,19
5,31,34,51,53,1
8,15,26,35,45,23
19,25,43,46,48,9
21,46,47,57,62,14
8,30,48,57,64,8
1,2,24,50,57,9
9,25,34,44,45,26
5,23,28,43,56,8
3,6,26,35,51,19
10,27,29,44,58,17
10,30,51,57,63,24
7,29,36,41,43,20
30,32,48,53,63,5
30,31,41,42,48,12
23,29,47,59,60,3
11,20,33,39,65,15
12,17,30,45,62,24
1,17,52,58,64,5
12,22,54,66,69,1
28,38,42,47,52,15
2,7,11,17,32,1
21,22,39,44,60,11
22,23,37,62,63,12
20,40,47,55,63,19
37,51,54,58,60,5
5,36,39,45,57,19
1,4,18,46,62,11
37,40,50,61,63,25
20,31,38,40,49,21
9,22,41,47,61,21
11,20,22,33,54,21
32,35,40,52,54,24
10,20,29,48,51,1
3,15,45,51,61,17
12,22,26,46,59,8
27,39,54,56,59,26
17,36,47,60,61,24
16,28,36,39,59,15
35,36,51,55,61,4
6,21,49,65,67,26
12,18,20,29,30,18
7,24,36,54,60,16
5,21,32,36,58,23
1,21,22,34,47,14
25,30,53,59,60,4
1,4,11,59,67,5
27,28,44,67,68,10
15,22,38,54,66,11
33,46,52,59,62,3
1,5,29,54,62,10
8,21,30,49,57,3
26,40,41,55,65,8
24,29,50,65,66,24
8,31,39,43,60,14
13,20,40,51,63,17
4,22,35,38,39,1
19,29,34,44,50,20
8,25,34,38,41,25
19,28,46,50,54,10
19,28,46,50,54,9
44,52,54,64,69,9
6,7,11,66,67,26
11,13,22,27,46,19
2,8,21,34,62,20
3,19,27,37,40,16
11,13,55,56,69,8
21,25,32,63,67,4
10,21,26,41,49,6
13,30,33,45,61,25
14,16,23,50,53,14
27,35,39,51,66,3
1,12,17,39,53,16
3,10,44,55,68,5
6,14,38,39,65,24
4,9,17,27,38,6
1,6,22,42,61,18
34,38,42,61,62,4
5,11,51,56,61,19
17,18,37,44,53,2
11,31,50,52,58,18
21,40,44,50,55,18
2,28,31,44,52,16
4,33,43,53,65,18
4,8,22,32,58,21
1,15,21,32,46,4
20,28,33,63,68,1
15,39,58,63,67,20
1,16,48,49,65,7
5,37,40,64,66,8
17,33,35,42,52,5
5,8,17,27,28,4
40,53,60,68,69,9
14,20,39,65,67,14
4,19,23,25,49,22
14,26,38,45,46,2
1,20,22,60,66,14
3,4,11,41,67,13
3,43,45,61,65,3
10,24,27,35,53,5
6,13,38,39,53,14
27,32,34,43,52,18
4,23,37,61,67,6
17,54,56,63,69,13
11,14,31,47,48,7
3,4,6,48,53,20
28,31,40,41,46,4
8,12,18,44,51,10
2,57,58,60,65,4
51,54,57,60,69,18
4,5,17,43,52,26
7,15,18,32,45,11
13,15,17,45,63,5
14,16,37,48,58,20
23,32,33,45,49,13
2,6,40,42,55,18
11,28,37,40,53,14
18,20,27,45,65,24
1,3,13,44,56,13
6,10,31,37,44,6
21,37,52,53,58,26
5,18,23,40,50,23
6,24,30,53,56,5
18,31,36,43,47,18
14,18,36,49,67,19
11,21,27,36,62,20
8,17,49,52,59,18
11,14,23,47,57,24
10,17,31,51,53,1
16,17,20,53,67,14
27,52,55,60,64,1
15,21,22,27,47,4
1,4,11,20,69,21
5,21,22,29,43,7
8,12,19,47,58,18
19,30,36,42,66,10
13,23,47,55,58,2
5,12,34,45,56,14
2,6,18,36,37,23
2,3,14,40,51,3
7,14,17,57,65,21
6,25,36,43,48,24
7,29,35,40,45,24
5,21,36,61,62,24
16,25,36,44,55,26
13,16,32,58,59,18
27,47,61,62,69,14
14,19,61,62,64,9
3,10,34,36,62,4
16,21,27,60,61,4
15,28,52,53,63,5
9,36,49,56,62,6
15,22,27,33,46,18
10,31,41,63,67,8
7,10,63,64,68,23
2,12,32,50,65,5
10,33,41,52,54,10
1,17,38,68,69,5
1,3,26,41,64,18
13,32,41,58,60,18
38,58,59,64,68,17
2,8,18,21,23,14
18,34,40,42,50,21
8,12,26,39,42,16
39,53,54,56,57,9
12,18,42,48,65,11
7,8,35,50,65,20
13,16,33,58,68,19
2,20,49,61,67,20
1,3,21,47,57,24
1,33,35,40,69,20
4,44,46,56,63,18
10,12,33,36,41,24
22,29,30,42,47,19
2,37,39,48,54,2
8,31,39,40,43,17
33,35,45,48,60,5
7,40,48,55,66,4
5,9,27,39,42,16
2,23,40,59,69,11
15,27,44,59,63,16
9,23,26,30,32,13
4,29,49,50,67,8
7,15,21,33,62,8
18,43,58,60,68,2
24,44,46,50,51,23
8,27,29,36,47,14
25,37,39,61,62,13
10,12,15,19,56,24
16,32,35,36,46,11
14,47,54,55,68,19
35,49,50,59,66,3
23,30,35,41,57,25
12,33,54,57,60,6
9,12,15,31,60,2
2,9,17,36,67,13
11,33,44,59,67,2
20,24,38,56,68,18
39,41,53,55,68,8
3,21,23,31,59,18
2,4,7,43,56,19
1,11,21,25,54,3
49,53,57,59,62,22
20,23,39,59,60,7
2,4,16,30,46,26
19,31,35,50,67,18
14,18,26,39,68,20
3,6,12,32,64,14
24,29,42,44,63,9
18,42,53,62,66,19
8,27,44,51,61,10
15,35,42,63,68,25
15,26,37,53,55,14
28,35,38,61,66,18
7,15,39,40,57,21
14,22,26,55,63,23
23,26,27,28,66,12
14,17,35,38,60,26
15,28,46,62,64,11
3,23,32,37,58,25
19,22,52,56,67,17
3,20,48,54,59,22
5,12,50,61,69,21
14,27,29,59,65,4
1,5,25,63,67,23
12,29,34,53,65,12
5,18,33,43,65,3
6,14,36,51,54,23
4,8,10,43,53,2
15,23,34,51,55,4
37,43,44,45,53,7
1,9,22,36,68,4
14,19,39,47,51,25
11,27,31,36,67,22
6,17,24,53,57,15
11,20,41,42,56,11
4,8,30,52,59,3
14,41,50,56,57,6
9,32,37,41,56,2
5,12,20,21,47,18
12,21,22,29,32,14
18,21,24,30,60,1
10,13,30,51,69,21
35,41,44,58,59,20
8,32,47,53,59,10
3,6,45,66,68,3
14,37,47,55,67,3
1,19,31,48,61,13
22,29,35,53,56,6
5,26,36,64,69,6
19,43,47,60,68,13
13,23,32,35,68,19
7,9,26,44,68,10
4,8,23,46,65,21
40,43,45,50,61,3
13,17,24,59,62,1
1,5,16,22,54,25
3,6,11,14,66,8
4,18,21,26,38,24
8,11,14,16,49,21
5,35,38,42,57,1
9,13,42,48,60,14
17,23,28,34,38,13
6,15,34,45,52,18
3,32,34,42,61,8
1,2,39,43,66,8
7,10,20,44,57,7
2,10,25,66,67,2
7,17,33,61,68,3
6,8,9,37,40,26
1,45,53,64,66,4
6,16,23,30,61,26
5,23,28,56,66,3
2,29,41,45,62,2
6,32,35,36,65,17
3,27,30,63,65,6
1,15,17,46,66,4
4,17,26,32,49,1
12,21,23,39,67,15
15,33,43,59,60,10
16,19,25,32,49,6
21,52,54,64,68,8
16,20,37,44,62,18
24,25,52,60,66,4
10,14,50,53,63,12
30,34,39,53,67,5
18,36,45,47,69,21
5,6,45,55,59,11
6,10,21,35,46,14
1,19,25,27,68,14
21,31,42,49,59,23
4,6,14,20,32,21
27,49,50,51,52,23
29,30,41,48,64,13
2,8,14,24,69,2
5,13,28,38,63,1
10,17,18,43,65,26
2,12,16,29,54,25
8,12,20,21,32,21
23,25,47,48,50,13
5,8,41,65,66,6
14,29,31,56,61,10
7,36,48,57,58,24
6,19,37,49,59,20
3,7,15,27,69,1
8,12,42,46,56,24
12,42,51,53,62,22
5,25,38,52,67,19
21,28,30,40,59,12
15,29,31,37,43,25
8,38,43,52,55,24
4,9,21,29,64,26
14,32,34,46,61,16
9,11,36,37,38,17
10,11,47,55,58,26
4,19,59,68,69,10
11,33,51,56,58,11
7,14,23,38,55,26
6,8,20,52,68,21
7,42,49,62,69,18
5,29,34,53,57,18
26,28,34,42,50,5
15,21,24,32,65,23
7,25,39,40,47,24
8,12,13,19,27,25
3,21,45,53,56,11
16,54,57,62,69,20
3,57,64,68,69,4
11,14,32,43,65,22
8,23,27,42,60,23
1,22,27,53,67,15
41,53,59,63,66,15
9,17,34,59,64,7
24,61,63,64,69,15
4,39,48,50,51,3
2,18,19,24,34,22
6,28,48,63,64,8
3,13,20,32,33,18
6,15,50,59,60,11
11,54,55,61,66,3
25,41,53,57,67,24
20,25,54,57,63,21
1,7,45,47,69,13
24,34,52,61,67,9
12,15,28,47,48,12
5,43,56,62,68,8
10,21,30,43,63,13
3,11,38,44,58,16
5,22,32,38,58,16
22,27,46,56,65,24
2,18,41,44,64,17
9,23,56,58,68,2
1,10,27,28,36,26
22,41,42,49,67,13
19,21,27,46,47,26
1,10,43,45,64,1
4,7,15,41,44,12
3,9,20,42,61,11
7,28,37,62,63,7
16,29,43,45,56,22
4,14,23,27,56,10
9,45,57,58,65,24
13,20,38,45,55,15
6,10,15,25,36,25
23,28,41,53,56,13
23,25,37,44,64,9
17,23,26,46,68,1
1,21,31,45,49,14
20,54,56,61,64,14
3,6,9,17,56,7
17,19,21,22,51,20
22,42,45,55,56,21
11,16,38,50,69,7
14,29,36,57,61,25
5,14,31,40,50,19
20,22,28,45,50,14
17,18,39,56,64,19
40,50,54,62,69,17
9,10,12,17,23,6
17,19,26,61,62,8
16,18,27,55,67,12
2,17,20,38,39,19
8,24,42,54,64,9
8,24,52,55,61,15
6,8,26,52,53,18
10,33,45,53,56,20
3,4,18,29,61,24
22,57,59,60,66,21
6,12,24,41,68,21
43,44,54,61,69,24
6,13,19,36,51,25
13,17,25,36,40,7
12,30,59,65,69,9
24,25,38,62,63,22
7,15,31,34,36,18
13,26,39,44,62,5
37,39,44,46,69,16
1,13,27,41,59,6
23,34,35,40,47,8
15,23,27,48,53,2
4,7,14,46,59,26
17,21,26,47,54,20
5,9,11,33,64,10
26,28,47,49,58,6
3,33,37,51,57,22
14,25,35,58,69,7
7,24,33,49,50,21
12,29,30,33,61,3
2,18,37,39,42,21
28,36,41,51,58,24
3,9,16,56,60,4
1,3,13,15,44,26
1,20,61,64,69,12
9,35,37,50,63,24
2,24,28,51,58,3
25,36,37,55,60,25
19,20,50,55,62,20
28,30,32,36,58,11
24,26,28,59,63,7
8,13,27,53,54,6
35,37,46,51,61,9
17,28,31,32,39,6
23,32,44,48,50,16
4,6,16,30,56,4
12,14,20,21,34,13
12,14,26,48,51,26
3,6,19,26,44,25
27,35,38,57,66,18
18,22,29,54,57,22
14,41,42,45,69,13
30,49,54,66,69,1
32,37,56,66,69,10
1,3,13,19,69,8
10,49,61,63,65,4
22,23,62,63,66,8
8,12,25,41,64,11
8,10,21,23,25,23
24,45,55,56,57,7
39,48,53,67,68,24
17,18,24,25,31,15
17,24,35,57,63,22
6,20,29,57,59,19
8,14,32,58,67,26
6,21,41,52,62,24
19,28,43,67,69,19
7,15,32,38,66,22
6,7,16,23,26,17
17,19,39,43,68,26
9,15,43,60,64,7
20,24,26,35,49,15
12,30,36,47,62,4
11,21,28,33,45,13
1,16,54,63,69,4
1,28,40,45,48,19
7,19,21,42,69,9
5,32,44,53,60,11
50,51,59,61,63,18
9,40,63,64,66,12
1,2,18,23,61,12
8,10,29,40,59,9
4,9,16,54,68,4
19,42,45,48,53,17
29,37,46,53,68,9
10,22,32,36,58,26
14,46,61,65,68,21
10,13,32,53,62,16
5,22,43,57,63,8
20,26,32,38,58,10
5,21,57,66,69,13
3,9,21,41,54,21
4,33,39,46,60,24
5,10,28,55,67,3
28,32,33,38,62,13
5,22,45,47,54,25
4,11,39,45,48,6
17,20,32,63,68,9
29,31,46,56,62,15
11,21,31,41,59,3
17,18,49,59,66,9
22,23,24,45,62,19
1,15,18,26,51,8
21,39,41,48,63,21
1,19,37,40,52,9
5,22,26,45,61,5
8,14,61,63,68,26
23,36,51,53,60,6
8,20,46,53,54,15
9,32,36,44,65,13
8,15,31,36,62,24
18,31,32,45,48,15
2,9,27,29,42,13
13,25,44,54,67,1
16,30,41,48,53,11
1,26,41,50,57,16
23,33,42,46,59,9
2,18,19,22,63,5
6,32,47,62,65,16
10,13,28,52,61,11
3,7,9,31,33,4
5,28,33,38,42,19
5,9,17,37,64,19
14,20,42,49,66,2
6,13,16,17,52,20
9,43,57,60,64,19
12,20,39,49,69,2
18,28,62,66,68,5
23,25,45,52,67,25
9,40,41,53,58,10
23,55,59,64,69,17
1,3,13,16,43,22
3,12,24,37,63,2
16,17,29,41,42,12
1,3,28,57,67,13
16,23,30,44,58,24
28,38,42,51,52,10
25,33,40,54,68,4
1,8,16,40,48,9
18,26,37,39,66,4
12,21,32,44,66,21
41,48,49,53,64,3
8,10,26,27,33,10
3,14,18,25,45,15
17,19,21,37,44,15
7,32,41,47,61,20
16,24,28,43,61,22
28,41,61,63,65,7
8,17,20,27,52,16
1,25,28,31,54,3
21,31,50,51,69,21
13,18,37,54,61,7
19,20,21,42,48,24
2,3,16,48,56,2
1,28,33,55,56,8
10,16,38,43,63,5
23,49,57,64,67,23
16,30,34,37,44,24
3,54,61,64,68,22
8,18,27,29,60,23
2,12,50,61,64,20
30,38,52,53,62,16
7,15,20,29,41,9
1,28,63,67,69,15
9,19,51,55,62,1
10,11,23,28,31,1
3,17,49,55,68,22
22,23,29,33,55,17
7,39,50,59,67,14
5,10,24,56,61,14
4,32,48,49,63,8
9,11,25,64,65,21
3,6,21,60,68,25
33,44,49,50,52,12
38,44,60,64,69,20
23,56,61,64,67,16
20,33,36,47,52,24
9,11,27,66,67,8
11,17,21,23,32,6
10,47,50,65,68,12
5,7,23,35,39,12
6,25,35,58,66,2
11,17,40,50,62,5
3,15,29,54,57,24
10,28,32,61,64,11
2,24,31,57,66,5
10,34,39,59,63,26
23,29,37,60,64,10
3,27,36,56,69,12
14,40,42,43,52,18
2,23,41,53,63,4
4,22,24,31,33,6
20,27,36,41,58,25
12,25,37,60,69,17
16,20,22,43,64,11
23,30,33,40,69,10
6,33,34,58,59,7
11,24,41,59,64,20
5,7,9,23,32,17
23,25,39,54,67,12
13,27,47,64,65,12
20,32,52,66,69,15
5,25,26,44,66,26
30,47,57,66,69,11
3,12,16,32,34,9
2,25,33,39,64,23
19,35,46,59,62,9
12,25,30,52,62,3
3,18,25,32,51,14
30,33,35,38,64,17
14,22,23,41,61,13
4,28,49,60,65,8
9,28,30,40,61,3
24,44,53,55,63,22
11,23,42,52,68,9
5,8,15,22,49,25
11,23,43,54,60,3
10,12,13,46,50,19
11,28,50,57,62,6
14,23,32,34,68,25
3,27,34,59,69,3
12,13,44,52,62,21
10,11,21,22,53,23
21,31,64,65,67,3
11,12,15,16,54,19
7,17,27,29,40,6
7,15,18,19,36,18
2,3,40,50,62,5
4,13,31,36,52,25
26,28,31,60,67,25
5,12,16,31,43,20
3,12,40,52,67,5
22,32,34,40,69,8
5,39,44,47,69,23
3,51,52,61,64,18
4,8,19,27,34,21
16,19,32,34,57,19
2,11,47,62,63,24
5,6,15,29,42,6
12,36,38,54,61,10
27,40,44,59,65,13
16,38,55,63,67,17
28,30,41,59,68,10
9,10,32,42,55,22
2,14,19,30,62,20
7,10,16,46,56,25
13,27,33,47,68,10
14,18,19,32,64,6
2,6,47,66,67,22
16,29,53,58,69,1
37,47,50,52,57,13
17,40,41,46,69,9
14,22,37,45,66,2
4,26,32,55,64,21
7,16,25,50,53,21
2,12,17,20,65,6
9,20,25,47,68,5
4,54,56,62,63,18
20,31,56,60,64,15
30,32,42,56,57,17
48,49,57,62,69,7
15,20,29,31,40,10
12,27,29,43,68,2
18,30,40,48,52,11
6,26,33,44,46,19
21,39,40,55,59,1
23,31,42,50,57,1
8,29,41,51,58,9
12,17,26,43,48,4
5,7,24,31,39,17
2,3,13,16,35,5
44,45,47,50,51,5
10,16,18,29,45,24
17,22,30,46,56,7
18,21,25,28,29,27
2,22,32,45,56,8
4,12,14,21,55,19
6,8,43,48,50,16
3,13,17,42,52,16
8,13,29,38,52,12
9,34,48,52,54,7
9,11,14,16,42,7
7,13,24,49,57,24
4,22,27,28,52,28
27,29,34,41,44,15
12,31,43,44,57,19
6,37,39,45,55,15
13,16,34,45,50,35
11,39,46,52,54,2
4,15,25,27,30,11
3,6,14,18,24,33
7,24,26,31,41,11
18,28,35,46,49,3
3,5,10,22,32,18
9,10,16,20,57,21
20,21,22,41,54,25
29,41,48,52,54,27
31,32,48,49,53,7
8,13,18,27,43,15
6,8,13,37,40,7
8,9,25,56,57,29
8,15,34,53,59,25
9,15,17,31,43,15
1,12,28,35,44,11
24,29,38,48,52,22
1,25,29,31,47,23
4,15,17,35,58,16
23,24,27,39,41,25
2,6,11,30,31,32
1,26,34,38,51,7
21,33,35,38,45,17
10,14,25,39,53,30
13,22,23,29,31,33
1,16,21,29,40,6
1,12,32,42,58,12
1,19,45,46,58,18
33,39,40,41,54,17
2,30,33,39,44,30
2,4,6,12,38,12
7,19,23,50,54,29
11,16,30,38,42,28
14,25,30,33,47,1
8,14,39,46,47,17
11,24,31,40,44,14
34,36,38,42,50,7
8,12,15,35,50,8
11,17,25,28,46,18
17,19,21,32,39,27
10,14,18,34,51,33
1,9,29,32,49,32
1,24,44,45,51,12
11,13,25,39,54,8
5,10,21,34,58,26
24,36,51,52,56,22
5,11,16,26,50,28
12,24,35,36,49,19
16,19,20,29,33,33
11,12,15,28,57,22
15,16,23,27,36,34
2,4,10,41,53,1
2,9,19,28,29,10
14,15,47,49,59,23
4,18,43,46,55,9
17,27,37,40,53,22
7,10,11,14,36,19
11,12,46,47,50,10
14,15,19,31,56,25
22,31,38,47,48,35
5,13,28,43,55,15
34,44,48,54,55,22
12,15,22,43,49,5
25,30,32,46,54,15
13,24,30,42,48,33
16,17,22,46,54,10
23,49,53,54,57,14
6,36,38,48,51,26
13,16,33,35,51,27
37,39,51,52,55,35
9,19,33,38,54,35
2,11,19,21,42,17
1,3,13,25,38,28
25,28,48,57,59,11
6,10,51,54,57,15
29,30,40,42,50,34
20,26,27,36,54,17
5,7,19,27,28,16
10,19,37,38,39,12
5,16,31,46,50,16
13,18,24,25,33,19
1,4,18,20,45,20
2,11,35,52,54,28
7,14,21,24,41,18
22,23,30,37,39,31
18,25,36,48,50,7
1,6,16,37,53,13
2,14,39,40,43,26
9,29,31,43,50,16
2,16,43,45,51,23
5,28,31,52,59,27
17,24,26,45,46,13
28,32,35,36,52,18
4,8,21,38,40,35
7,8,17,48,59,27
8,37,39,40,52,19
3,12,31,34,51,31
1,8,24,28,49,3
12,26,44,46,47,9
13,30,42,49,53,24
24,28,30,38,39,24
4,10,12,22,31,24
10,17,25,45,53,29
5,15,18,26,32,29
2,3,7,23,51,16
9,25,42,55,57,3
24,34,36,57,58,9
8,18,45,53,58,35
8,12,34,43,56,26
10,20,25,50,53,14
5,6,37,41,54,11
6,9,29,52,59,35
9,33,42,45,54,9
14,18,25,33,49,35
28,30,35,58,59,26
1,7,10,22,49,7
15,27,31,34,48,30
2,24,28,32,59,23
15,16,28,49,55,15
4,20,34,39,58,24
23,32,39,47,49,1
7,33,39,52,55,25
4,31,41,47,55,18
17,29,31,48,49,31
5,15,16,46,49,22
2,9,11,19,50,33
3,7,22,30,33,1
19,25,29,36,48,34
5,6,29,35,51,26
34,39,42,44,59,32
14,26,45,54,55,20
9,14,44,48,49,12
11,21,26,33,34,21
8,13,19,22,53,8
2,3,12,27,38,20
28,33,41,44,59,29
13,28,31,55,58,29
2,19,23,34,43,24
2,5,34,51,58,17
14,15,28,37,54,21
10,14,24,32,41,15
3,7,9,26,54,14
3,8,25,30,47,9
11,12,17,38,42,10
2,3,13,14,54,30
1,17,35,49,54,19
2,9,14,21,23,13
36,44,49,52,57,2
24,25,34,37,54,4
8,17,32,57,59,34
5,12,15,27,38,3
11,23,28,32,47,1
8,12,18,55,57,29
13,14,19,31,38,24
7,8,9,24,29,7
10,15,33,48,54,20
10,28,39,47,58,2
19,20,37,41,58,29
15,24,40,48,52,25
8,35,44,51,56,25
23,28,38,39,56,34
25,36,40,45,51,22
7,24,37,39,40,14
14,25,32,33,41,23
1,10,13,18,19,18
13,20,32,45,48,32
6,9,11,31,44,8
5,26,44,45,57,1
18,25,50,55,57,34
5,12,43,52,55,27
4,18,23,32,45,17
10,29,37,44,59,25
5,31,50,55,56,29
3,9,37,49,56,17
1,5,10,15,49,10
13,23,24,27,40,7
2,36,40,49,54,10
4,6,34,49,56,9
3,23,31,34,47,32
9,33,54,56,57,22
3,26,28,34,42,17
8,10,26,57,58,10
3,9,19,33,38,29
11,12,17,39,40,13
4,6,25,42,51,5
14,47,52,53,54,28
2,7,17,49,53,4
12,17,45,54,58,18
7,10,22,32,35,5
1,17,25,37,44,17
11,19,33,42,52,5
2,19,22,26,45,23
2,9,26,45,47,13
2,7,25,40,56,19
6,7,9,19,32,20
12,17,25,45,59,33
30,40,42,46,48,24
18,21,46,54,56,11
4,11,17,43,51,20
4,12,14,37,58,13
5,25,30,58,59,19
21,24,36,42,45,23
8,24,39,49,59,23
9,23,40,53,58,20
9,29,40,44,54,13
14,25,27,38,58,32
1,22,34,38,42,15
2,8,22,35,37,5
30,31,45,55,59,6
2,13,35,36,52,7
3,6,29,40,51,6
8,28,30,53,56,17
1,18,33,39,46,6
13,19,23,33,57,27
7,46,47,52,57,11
28,36,40,48,55,4
16,22,23,42,55,16
2,11,22,26,32,33
4,26,33,36,55,28
22,28,33,53,59,17
9,14,17,49,57,1
2,6,19,21,27,32
9,31,35,41,57,19
10,13,14,22,52,32
2,11,26,34,41,14
6,13,19,23,43,2
21,22,26,30,57,25
7,12,26,36,40,26
22,26,31,54,55,11
3,23,48,54,55,32
9,19,31,56,59,16
6,8,30,39,48,27
13,18,36,48,58,17
10,12,31,56,57,18
1,36,40,52,53,5
4,7,8,29,39,2
11,23,26,46,55,20
7,37,43,48,52,28
17,29,31,52,53,33
13,14,17,43,54,20
3,7,21,44,53,24
5,9,28,32,38,3
10,37,40,46,52,27
6,10,23,41,45,16
3,8,13,41,56,31
3,14,20,34,48,15
2,5,31,39,41,16
3,17,19,25,32,29
15,16,46,50,58,12
12,23,25,27,43,1
5,6,16,36,58,16
5,27,36,38,41,21
11,16,33,40,41,29
14,16,32,47,52,17
3,22,26,41,49,29
11,12,24,43,45,29
8,28,29,34,38,3
9,21,28,32,51,12
10,14,21,23,47,34
11,13,20,27,59,16
26,30,49,51,54,18
18,20,28,35,53,9
36,46,50,52,55,35
11,13,23,43,54,35
1,18,35,39,44,7
5,8,20,23,30,26
15,23,40,44,55,25
8,10,25,36,44,20
7,23,26,40,53,14
13,17,19,27,38,4
3,10,19,36,46,11
5,16,22,23,29,3
22,32,37,44,50,14
8,18,24,30,39,28
3,15,27,58,59,21
8,10,30,44,58,12
32,42,50,54,55,3
32,34,45,52,58,6
4,7,9,30,54,34
1,27,31,45,48,26
22,32,34,36,56,20
3,18,21,23,50,13
4,21,28,31,44,32
1,7,10,23,42,20
2,5,25,26,49,25
18,26,29,35,43,5
15,26,34,36,59,33
17,23,36,55,59,4
14,18,28,29,57,10
13,26,39,41,42,35
2,16,18,40,42,18
1,5,8,39,50,28
3,20,26,43,48,35
24,33,36,48,56,10
6,20,34,44,48,8
4,19,26,42,51,10
8,11,21,44,49,33
25,28,49,54,56,23
1,6,7,20,49,1
22,29,31,47,55,6
14,26,41,55,59,29
6,27,46,51,56,29
4,13,39,46,51,22
3,7,11,15,28,28
19,30,48,53,55,23
3,16,48,56,58,19
5,6,13,36,50,1
3,14,35,38,46,21
9,31,38,54,56,1
2,5,20,23,57,12
4,16,32,37,46,18
5,22,36,49,55,4
3,5,29,39,59,13
14,19,35,39,56,16
7,15,20,41,44,20
6,34,40,46,58,3
1,3,41,44,53,13
11,17,29,56,57,23
8,14,15,16,27,29
7,10,14,33,57,33
18,22,45,56,57,22
19,30,33,48,59,6
9,10,17,29,45,30
9,10,24,52,56,14
13,14,41,49,59,26
4,7,26,53,59,18
8,13,35,46,51,27
3,7,21,28,43,27
10,24,35,53,58,33
1,7,11,55,56,14
9,12,20,44,59,14
7,8,33,38,50,32
31,39,40,57,58,30
4,25,29,34,43,2
6,8,20,42,51,22
20,22,39,46,49,1
14,15,16,19,24,23
16,23,42,44,47,29
5,13,17,20,30,33
1,24,33,45,49,29
5,14,36,54,58,16
11,16,29,50,58,29
1,15,35,37,47,2
32,43,53,55,56,2
11,14,49,55,58,18
1,8,41,46,59,6
5,14,17,20,41,27
12,35,45,46,47,33
29,30,45,47,49,8
1,4,11,23,26,6
6,11,42,53,54,30
7,16,17,39,51,24
23,28,50,56,59,5
11,12,32,52,56,12
1,10,37,52,57,35
17,28,38,39,51,14
15,23,43,45,56,7
8,13,17,34,59,32
5,33,41,54,59,5
4,19,28,29,47,11
12,24,43,44,45,11
6,29,34,44,50,33
10,30,36,38,41,7
5,19,29,45,47,35
3,21,24,38,39,13
21,35,46,47,50,5
5,23,25,28,40,7
16,21,27,41,45,28
14,16,30,51,52,1
10,13,15,31,54,25
13,28,49,51,59,24
2,24,46,52,56,2
4,19,33,41,59,34
3,14,20,39,40,14
5,18,33,43,45,19
2,6,34,35,47,18
20,37,39,45,55,33
4,30,35,57,59,19
9,16,17,28,30,9
13,22,25,39,51,37
4,35,36,51,56,8
5,35,57,58,59,22
2,33,39,40,43,28
12,14,34,39,46,25
11,16,40,51,56,11
1,18,21,39,55,28
3,8,23,30,58,8
16,26,35,52,58,12
5,10,24,38,43,26
10,12,23,43,47,36
3,27,35,37,45,38
7,20,43,46,54,6
1,12,23,27,43,13
30,41,50,51,53,2
3,4,12,27,44,1
12,47,48,52,55,18
6,20,22,32,43,31
16,41,42,50,59,17
4,19,22,32,53,31
3,5,18,27,54,8
15,25,52,53,54,26
13,19,35,47,57,13
2,12,25,54,58,11
9,13,47,49,53,5
2,17,23,28,47,24
18,28,31,48,52,13
9,12,35,50,58,2
11,18,36,41,46,29
25,30,54,57,59,14
13,19,21,28,49,39
20,40,41,47,55,36
38,40,41,51,59,37
1,7,27,38,48,4
1,4,38,40,42,38
24,28,48,50,54,6
8,18,19,32,54,11
1,9,11,23,31,19
11,15,24,50,55,33
1,11,18,29,51,30
24,30,45,57,59,17
18,36,39,41,57,25
12,15,19,46,59,8
12,21,22,38,41,6
19,20,38,41,43,8
16,18,27,36,50,32
14,37,44,45,53,26
17,19,39,41,58,12
8,18,38,46,56,12
12,20,43,51,55,18
4,23,31,42,50,29
2,8,40,49,50,8
7,12,13,42,49,29
8,17,18,40,44,21
9,17,32,43,45,31
2,11,27,47,55,11
3,15,27,29,41,23
6,13,15,32,41,36
4,24,40,44,55,16
3,11,47,48,58,16
9,24,34,36,43,31
21,33,44,45,55,15
4,23,39,49,50,24
5,14,32,53,56,3
10,18,41,55,56,5
6,22,34,43,45,19
19,20,42,56,58,27
4,10,11,19,33,7
5,15,26,28,32,39
3,11,20,27,46,11
28,39,40,48,53,15
1,4,12,41,47,23
12,20,28,40,48,37
2,23,31,42,48,27
7,31,50,51,58,9
4,13,17,21,45,8
29,32,36,39,49,9
3,12,34,37,42,3
9,13,21,23,48,8
11,32,36,48,52,21
7,11,39,42,51,6
15,37,41,56,59,10
3,14,33,53,57,29
24,28,45,49,52,36
4,5,36,47,58,24
30,31,34,45,51,19
22,36,51,56,59,30
9,13,22,23,37,5
19,21,23,40,48,36
6,7,26,33,52,2
22,26,32,38,40,6
18,22,37,47,54,23
3,16,18,20,37,32
1,17,38,50,52,31
11,33,44,46,47,27
4,11,19,33,43,24
10,11,18,32,45,7
1,8,10,19,20,36
8,11,25,41,58,30
13,24,27,31,42,24
5,10,11,12,20,12
10,30,37,47,54,14
8,20,21,32,37,18
10,12,38,53,57,23
14,16,53,54,59,16
17,30,48,51,54,22
5,8,11,40,44,2
7,12,23,34,38,39
34,38,39,45,50,4
1,7,27,36,49,1
20,24,25,53,59,5
2,7,16,20,46,29
7,17,20,39,59,10
11,12,15,16,28,33
12,22,32,34,46,33
2,6,32,42,49,39
14,26,37,41,46,15
12,20,30,36,47,34
13,44,51,52,55,17
8,16,27,35,42,11
10,24,36,52,55,2
1,18,37,39,44,35
7,20,21,34,43,24
7,17,20,36,59,25
10,35,39,51,57,30
11,14,22,33,42,30
17,20,21,40,51,15
4,22,27,32,56,13
16,17,29,31,36,34
7,10,12,22,27,33
4,32,33,47,55,20
9,33,36,50,58,38
7,10,22,23,52,19
4,22,26,31,52,13
19,28,30,37,53,23
1,16,17,41,57,26
1,11,20,25,27,39
20,30,38,46,59,31
16,22,30,51,58,29
22,27,35,37,45,30
20,21,23,38,42,36
20,21,27,28,56,15
10,41,44,48,56,2
3,10,14,52,53,27
6,38,43,47,48,25
13,30,32,38,57,3
11,30,45,47,48,6
9,30,31,50,54,4
8,11,18,29,36,4
9,12,13,35,38,3
14,22,27,32,49,27
18,34,40,48,59,25
4,9,14,39,43,10
1,3,24,28,41,39
1,6,10,13,20,6
19,20,40,47,57,30
2,7,29,55,58,5
15,21,23,28,36,25
37,51,52,53,58,38
5,22,34,41,57,10
13,34,40,47,57,32
16,23,25,49,58,29
12,22,25,28,44,27
1,12,53,56,57,20
11,34,41,49,55,38
5,21,22,41,49,31
6,14,32,38,52,11
21,22,49,52,58,20
4,36,40,44,52,24
10,15,31,52,59,5
5,13,17,45,54,20
7,21,32,44,52,15
14,20,24,39,49,20
9,36,39,44,45,34
24,26,45,48,55,33
6,16,20,31,36,4
17,21,37,41,50,12
10,29,33,41,59,10
7,9,14,45,49,7
18,47,51,53,58,9
4,17,35,50,57,8
13,27,37,41,54,8
7,8,19,26,36,1
10,14,30,40,51,15
5,8,29,37,38,23
14,22,52,54,59,30
17,22,36,37,52,12
6,26,35,47,48,32
6,15,20,26,31,15
15,16,20,42,53,1
15,32,43,44,46,34
7,8,23,41,55,4
8,11,15,32,50,24
20,41,44,50,54,21
20,27,29,56,58,9
3,7,23,27,42,17
5,14,38,39,52,19
32,36,37,41,53,23
8,32,49,51,52,27
17,24,39,41,47,22
13,23,25,35,43,31
12,13,14,35,41,37
1,5,12,13,58,6
27,39,41,44,58,30
14,34,37,46,55,23
26,27,28,46,50,21
4,13,18,49,59,15
7,26,36,49,58,29
32,42,50,58,59,21
19,30,32,48,57,17
8,12,14,22,29,37
7,32,37,46,50,21
10,11,14,45,51,5
2,19,26,41,54,4
3,11,26,46,51,31
14,22,38,49,59,14
6,16,34,45,51,22
5,16,25,30,49,26
5,15,25,30,40,17
13,32,45,49,50,23
2,20,21,38,50,23
12,24,48,50,57,16
41,42,52,54,57,4
18,20,34,36,39,39
7,8,20,25,29,6
5,24,25,30,49,30
17,37,40,51,56,22
13,28,38,41,56,22
4,16,18,51,53,30
9,16,27,35,57,19
18,23,36,47,59,11
1,20,37,52,53,23
1,21,23,30,43,25
3,6,20,32,51,25
14,24,31,43,51,23
14,15,26,32,36,29
10,25,32,34,47,36
4,33,37,45,50,33
25,34,41,46,49,11
5,37,39,46,53,23
2,5,38,43,59,27
5,17,33,46,52,12
4,6,16,22,32,5
4,21,26,28,47,11
26,50,51,52,57,29
1,4,20,39,42,8
19,42,50,53,56,8
4,9,22,41,44,9
9,32,38,52,53,11
18,22,26,39,48,37
16,18,24,51,53,37
3,11,18,22,28,2
5,9,37,42,53,39
13,16,20,35,41,14
15,26,27,42,58,15
10,18,23,30,45,17
16,20,22,32,37,16
1,23,42,51,59,33
5,6,12,16,21,27
19,23,34,52,57,6
23,30,31,35,42,37
6,7,31,40,56,2
19,30,32,37,40,9
4,15,32,49,58,20
7,8,12,22,31,7
3,20,38,42,47,21
6,19,36,50,59,6
8,26,30,42,52,38
15,22,30,37,48,37
7,15,28,43,44,21
16,22,26,27,59,18
7,28,35,46,49,27
52,56,1,6,48,13
21,57,58,14,50,15
2,33,41,54,9,12
48,2,16,41,3,20
23,47,10,20,54,5
49,27,23,52,19,20
16,29,26,45,41,9
7,44,33,30,51,7
13,7,47,3,34,14
59,27,56,28,21,19
6,1,44,55,49,26
3,58,16,20,42,21
32,49,42,56,17,1
31,46,13,45,41,10
44,15,56,39,2,30
5,22,45,49,10,21
18,53,5,28,20,36
24,44,30,32,7,7
33,26,14,41,1,11
10,32,18,5,23,21
6,37,42,20,25,15
26,20,54,46,38,5
9,5,59,23,2,37
46,34,25,8,39,27
8,56,10,18,43,18
31,52,23,33,38,37
38,22,55,24,17,4
11,53,8,7,17,25
12,43,15,31,26,23
17,2,32,22,41,26
3,19,32,54,14,34
11,7,30,24,18,9
40,14,28,26,31,24
37,6,41,24,15,24
53,9,39,43,35,36
17,21,25,16,55,10
5,55,33,39,36,8
11,31,52,26,34,24
19,32,26,45,17,26
8,45,13,39,38,13
7,44,8,12,3,37
18,45,25,1,29,10
40,36,4,21,2,3
18,33,36,4,8,21
40,4,41,6,26,14
37,50,20,30,52,14
48,1,3,38,14,31
17,52,10,33,51,37
40,10,14,32,49,2
3,13,38,32,48,41
39,3,17,47,7,32
48,12,54,17,2,15
39,4,32,1,26,33
43,39,8,9,55,2
40,24,13,29,52,5
32,36,13,21,5,15
47,30,40,28,6,13
12,26,32,23,44,9
29,17,7,51,43,2
37,28,15,53,14,18
26,54,49,25,17,26
49,38,40,46,50,29
14,32,47,2,15,33
13,49,31,48,36,24
47,33,18,48,24,20
15,24,47,35,16,38
5,43,34,52,40,18
31,10,5,23,19,11
53,40,32,49,43,34
24,37,5,36,51,36
5,28,33,2,54,11
25,55,3,51,45,23
51,55,21,12,13,26
52,11,14,35,41,20
55,46,53,6,28,26
3,23,15,42,29,21
20,50,12,2,22,19
5,31,7,49,53,30
24,47,34,1,48,13
46,33,52,48,4,18
26,32,14,34,44,2
53,45,14,21,25,2
8,7,50,31,9,17
52,9,31,39,12,17
50,31,9,20,11,14
7,49,18,28,21,18
26,44,34,12,48,17
18,5,52,40,20,6
9,17,3,14,25,9
18,45,22,10,37,31
40,33,51,52,41,32
21,33,42,7,16,14
12,21,14,15,43,1
46,29,21,32,19,9
30,7,18,45,41,3
42,26,25,28,9,8
28,2,36,46,42,9
25,51,43,17,1,6
27,45,7,12,17,25
22,39,21,20,11,30
24,13,19,39,33,32
21,18,11,16,51,6
52,11,55,48,29,26
46,13,32,3,19,40
30,47,27,12,37,38
37,1,55,44,34,24
18,36,31,25,20,1
20,37,49,9,12,8
48,46,28,25,7,16
29,6,8,49,41,36
6,42,43,47,22,18
30,12,34,19,36,26
29,49,17,34,31,33
10,15,23,16,31,7
31,21,19,2,55,17
37,48,53,20,24,19
23,29,8,13,47,42
20,9,36,22,12,16
3,49,4,20,8,8
32,13,38,51,19,16
24,4,23,43,30,5
3,43,5,42,12,19
14,44,25,26,16,11
55,2,17,41,54,32
39,53,35,11,54,31
48,47,35,4,16,18
28,20,23,25,27,30
9,18,47,38,19,28
47,53,43,23,39,5
2,20,13,23,21,30
33,11,16,4,40,17
31,34,48,11,2,24
8,12,17,35,49,39
8,32,41,54,55,2
5,10,11,34,38,11
15,18,22,23,42,14
22,37,47,48,50,24
7,14,33,40,55,9
4,8,25,29,31,5
1,8,15,21,55,18
7,32,39,41,55,20
8,23,32,37,39,21
1,7,13,23,35,37
3,11,13,20,40,17
17,27,49,52,53,15
16,18,20,30,48,41
6,22,24,26,30,41
22,29,35,46,52,13
1,31,38,40,53,38
6,16,18,29,37,19
13,25,30,40,43,20
10,11,18,49,52,23
10,11,37,40,54,6
14,15,19,42,46,12
21,30,34,36,49,2
12,16,31,33,54,42
8,30,32,33,51,24
2,4,14,15,28,12
31,33,38,49,55,2
25,27,31,44,54,10
4,9,18,43,55,37
20,25,26,45,46,42
13,16,27,48,51,5
5,24,26,33,47,2
7,12,28,30,48,23
11,20,21,30,48,39
12,19,23,37,39,8
13,16,33,44,47,3
2,8,23,29,35,15
12,37,40,48,50,21
12,15,28,31,50,1
19,22,24,38,51,40
1,10,11,37,40,18
9,16,21,30,52,13
2,23,24,27,36,29
9,16,23,51,52,19
15,19,24,27,47,37
28,35,40,47,53,12
14,30,39,43,46,9
3,9,14,40,42,20
1,21,30,34,36,9
8,20,29,42,43,3
15,21,27,41,47,12
1,2,15,17,49,11
24,38,39,46,47,30
9,11,13,24,43,14
14,15,27,43,53,3
23,31,32,37,55,37
4,8,32,47,51,35
10,13,28,30,47,20
7,10,25,32,41,35
5,9,14,45,48,26
2,22,32,36,47,18
7,23,35,54,55,28
1,5,21,46,51,35
3,11,24,36,38,27
3,19,21,26,45,26
6,7,16,34,42,22
30,44,46,51,53,28
2,13,30,44,52,36
13,21,29,40,50,28
1,8,35,40,47,29
16,22,43,46,49,6
12,13,14,17,53,2
22,26,28,33,45,23
6,10,12,13,24,25
12,21,36,38,49,40
6,15,38,42,51,6
2,28,31,54,55,9
19,30,39,40,53,10
2,5,16,36,40,11
6,20,35,37,47,17
10,38,40,48,53,19
16,24,38,53,54,18
7,17,44,47,54,18
4,27,30,39,44,23
14,18,34,42,43,16
13,16,18,19,46,36
1,5,16,22,48,1
13,20,41,42,53,3
36,38,42,54,55,5
2,8,22,29,37,3
1,15,35,37,45,18
3,26,30,54,55,32
2,11,16,41,42,36
4,22,28,37,52,6
12,13,20,33,42,2
2,15,25,42,48,24
10,19,26,27,32,3
9,19,29,42,53,32
1,5,26,32,38,15
16,35,49,50,52,16
1,21,23,25,26,10
36,42,45,53,54,37
1,24,40,49,50,14
10,12,24,35,55,14
9,23,28,31,36,17
14,16,27,29,41,30
8,27,43,52,53,31
1,6,14,26,34,4
5,17,28,36,51,36
19,32,33,42,54,38
19,22,30,34,52,31
7,34,35,36,38,26
17,34,42,45,50,29
2,8,9,12,19,5
5,18,28,49,55,34
22,32,36,49,55,5
1,8,19,36,42,15
11,28,30,34,43,40
35,38,40,49,55,14
8,11,12,26,53,11
12,13,34,39,44,25
7,8,13,46,54,38
14,22,30,38,41,8
16,40,42,43,48,20
9,29,31,45,55,29
2,24,34,41,48,41
1,15,17,26,40,4
5,10,12,35,38,5
3,4,8,31,45,35
3,7,27,39,40,12
6,15,30,32,39,1
23,28,33,35,49,7
13,21,26,45,50,24
7,8,17,29,54,19
7,8,26,27,42,9
15,19,26,45,47,12
3,19,20,22,47,8
2,21,27,35,55,5
3,8,24,28,49,16
3,19,33,35,43,20
24,26,38,42,46,26
8,17,24,38,51,12
12,22,26,29,51,3
2,13,22,48,50,2
13,14,18,27,54,1
16,19,41,43,52,25
2,3,9,48,50,1
10,13,16,19,24,16
14,19,26,39,55,31
5,10,17,24,43,9
14,40,47,54,55,2
2,32,38,44,50,32
20,35,36,47,50,35
18,19,30,31,33,23
32,37,44,49,50,15
26,39,41,52,53,29
2,31,35,40,42,31
2,8,16,45,51,6
8,11,30,39,47,21
11,19,22,43,45,5
10,20,22,39,48,15
4,14,15,40,48,13
16,24,26,36,54,20
4,10,20,26,40,34
5,6,18,20,50,32
10,20,22,43,49,23
6,23,27,41,47,34
2,3,12,47,51,25
2,9,23,44,45,12
15,17,24,26,35,11
19,28,30,47,54,8
3,4,11,37,44,35
12,23,25,32,38,3
4,6,19,38,42,19
19,30,35,40,41,10
12,24,26,48,55,38
4,5,6,18,27,38
5,28,32,34,53,13
13,18,23,28,46,24
16,26,34,35,41,27
4,23,35,43,44,37
3,9,24,29,39,14
1,10,23,50,55,14
2,14,24,28,54,24
20,34,37,39,45,10
18,22,23,38,45,33
1,25,34,36,42,24
7,12,36,48,54,35
16,35,37,52,54,42
1,5,7,21,43,29
13,22,27,52,55,13
10,25,35,38,41,32
3,37,46,48,51,31
9,23,47,53,55,19
15,17,43,44,48,37
3,13,35,39,40,33
7,38,40,51,52,20
14,25,32,48,54,26
4,12,13,30,38,23
11,13,30,35,55,22
14,15,26,28,36,39
10,37,43,50,52,29
3,18,39,43,54,37
15,29,38,52,53,14
6,14,40,46,49,10
3,6,14,17,18,30
2,16,21,32,43,37
10,23,42,48,54,36
4,30,37,43,46,14
12,15,30,46,54,41
4,10,33,34,50,7
9,12,16,23,43,17
24,36,44,46,53,14
8,15,16,45,51,6
3,21,34,42,45,3
19,30,41,45,54,42
2,15,26,37,42,1
19,23,27,42,52,14
28,34,37,45,53,37
9,12,24,25,27,18
8,15,20,41,54,11
5,18,20,21,44,39
17,37,41,48,55,14
5,13,14,31,49,36
7,25,29,37,50,1
6,11,14,27,41,32
14,19,22,41,50,33
2,10,39,42,43,22
6,7,36,51,53,27
7,21,43,44,49,39
1,7,8,34,45,30
4,9,18,51,54,17
26,31,35,46,50,38
2,15,25,30,45,21
8,18,38,45,54,23
7,22,27,48,50,17
2,10,31,43,55,29
3,28,34,35,50,15
5,9,27,49,52,10
21,24,42,49,50,28
8,10,11,48,50,17
12,32,40,50,54,23
1,3,30,31,43,17
13,17,19,41,50,14
8,22,31,39,44,8
9,11,26,35,51,6
13,27,28,29,49,1
3,8,30,43,53,16
1,2,18,37,43,37
13,31,36,38,49,36
1,9,19,36,53,13
5,19,24,28,39,11
8,14,35,38,46,32
1,4,10,13,29,36
13,16,20,28,32,15
6,7,32,39,51,37
8,32,33,41,50,2
4,5,13,23,43,33
8,9,39,47,53,24
2,12,25,30,48,24
9,10,29,39,52,3
3,8,22,42,49,36
7,28,31,32,40,31
9,13,23,42,51,22
5,8,10,16,24,34
14,20,22,39,44,4
3,10,14,24,46,38
10,36,40,42,43,20
7,16,38,44,48,39
15,34,39,42,50,14
5,7,24,28,39,15
27,29,31,42,46,5
2,5,7,10,30,14
7,13,17,20,35,37
21,29,38,49,52,42
5,25,46,48,49,18
21,23,39,44,47,12
10,21,27,33,40,36
8,15,17,32,48,33
11,13,18,32,42,23
8,9,13,15,50,35
7,16,33,34,46,42
11,38,44,45,51,6
6,13,37,51,52,19
1,11,35,46,53,2
5,11,14,22,51,24
5,9,11,17,46,4
22,28,32,33,39,9
9,12,35,41,51,27
23,29,37,40,45,41
1,21,28,32,41,25
11,19,25,38,50,29
7,23,40,46,52,17
10,17,20,23,45,39
9,13,27,40,53,42
3,10,18,46,48,36
8,22,30,33,49,38
4,10,15,48,51,9
12,15,18,27,52,35
21,25,27,41,48,41
18,21,28,49,50,31
9,10,15,18,29,28
11,34,37,44,47,8
10,11,16,40,44,6
11,16,20,29,41,13
5,32,43,47,48,36
11,23,32,33,34,25
9,18,32,33,49,16
21,26,37,49,51,9
21,23,27,38,50,23
9,11,22,24,43,2
4,7,10,30,37,12
22,23,26,44,47,33
24,29,33,38,44,38
29,32,39,45,53,27
2,7,11,24,31,25
1,25,29,30,45,38
1,6,11,38,53,2
6,7,16,41,53,37
13,17,35,45,50,12
6,9,16,22,30,7
3,28,36,38,44,16
16,28,35,36,47,18
3,19,47,49,53,12
4,29,45,48,50,11
15,25,31,36,46,23
5,6,26,33,34,2
14,21,29,43,45,4
18,22,33,38,40,1
11,35,43,45,48,31
20,27,30,40,48,4
11,17,40,44,51,1
15,24,49,50,52,37
1,11,17,41,46,13
5,20,22,36,42,26
5,14,17,45,46,19
1,3,10,47,48,42
5,6,19,44,50,11
2,13,29,32,35,21
16,28,33,35,37,40
11,25,40,41,48,24
6,14,34,37,40,11
2,14,27,31,36,41
1,8,17,28,50,27
25,34,36,46,49,28
2,4,28,33,52,4
13,15,25,26,46,17
31,33,44,45,51,3
6,30,35,39,45,7
1,30,32,37,50,9
3,16,27,39,40,20
31,33,35,40,42,9
4,10,11,18,43,18
5,10,29,33,51,28
8,9,16,34,48,31
11,22,26,37,51,31
14,31,35,45,47,19
4,19,39,40,50,3
2,3,13,29,52,40
3,31,38,42,46,41
20,23,36,45,50,35
9,24,45,49,50,8
16,17,23,26,44,21
18,25,30,34,41,35
3,8,12,30,47,22
2,29,31,45,47,25
9,17,32,41,47,2
9,12,16,20,39,9
2,9,36,37,48,37
16,18,26,39,48,13
6,20,43,48,52,10
1,31,33,37,50,23
5,26,39,41,42,4
5,6,12,26,29,8
1,16,30,32,39,1
3,10,31,35,38,16
1,7,36,42,49,22
14,15,31,37,41,28
1,26,27,43,46,40
11,31,35,42,45,39
3,9,17,37,43,30
9,16,21,25,32,2
1,10,34,39,47,16
27,34,42,49,52,41
2,13,22,35,44,31
8,11,34,42,51,31
4,29,34,41,42,35
1,6,20,22,38,39
2,9,30,47,48,8
2,7,16,35,37,33
6,7,26,32,43,23
15,31,34,39,50,28
2,15,17,30,34,27
18,20,39,43,47,11
2,14,24,27,44,22
7,15,20,24,43,40
11,44,45,48,50,10
10,20,22,41,49,13
9,17,46,49,51,35
5,11,17,23,53,32
6,25,26,52,53,31
4,5,11,17,47,6
15,22,26,48,53,5
4,24,36,44,50,2
10,24,25,35,43,6
5,16,28,50,52,9
31,34,35,39,46,34
7,12,17,25,32,40
3,6,27,37,41,35
8,13,17,39,48,14
1,5,37,38,53,2
13,17,34,41,45,32
8,9,32,45,48,4
12,33,40,44,50,3
2,13,19,27,50,33
4,7,14,18,44,38
4,5,22,41,42,34
5,7,18,28,35,31
16,17,32,34,43,17
1,6,31,34,44,15
12,20,24,25,48,40
15,18,19,21,43,5
17,19,25,26,44,25
4,17,26,37,40,2
21,24,37,41,45,1
1,10,35,37,43,31
14,36,39,43,51,25
1,3,16,37,41,37
9,12,17,29,45,7
16,26,36,42,47,19
8,20,22,32,52,15
7,11,19,20,22,39
5,8,24,38,52,30
6,20,27,38,39,15
16,19,34,37,47,19
8,19,22,34,53,4
6,17,45,47,48,33
3,25,27,28,53,39
22,25,33,34,35,1
6,9,29,39,52,22
11,14,21,32,45,31
8,13,29,44,48,18
4,5,19,21,50,29
9,20,30,41,48,4
17,19,20,28,47,35
11,13,28,31,33,14
2,19,24,32,34,8
6,10,19,28,32,21
3,17,29,30,33,18
6,15,18,20,41,36
6,9,19,24,40,41
9,35,36,41,49,29
24,31,36,42,46,37
1,39,46,50,51,29
8,22,35,46,48,2
13,15,20,37,42,39
26,31,35,44,48,34
18,23,25,26,40,17
11,14,26,31,48,31
17,40,41,42,46,33
18,22,26,31,49,32
9,10,30,32,34,7
4,16,34,37,51,15
14,29,30,34,48,7
18,27,28,30,49,32
6,16,50,51,52,15
19,21,26,31,51,30
5,17,25,37,49,25
16,17,24,26,45,28
7,9,14,41,44,11
5,26,35,43,50,38
15,19,27,36,44,1
19,20,21,45,46,20
12,26,40,42,50,23
12,16,43,44,46,40
11,17,26,27,40,21
2,14,24,26,53,36
10,26,30,46,52,25
6,16,17,19,38,4
10,42,48,49,50,17
4,30,32,35,41,20
5,13,18,42,50,3
20,33,34,45,52,38
1,2,6,10,20,6
13,18,34,35,51,1
14,21,39,40,47,35
7,13,17,32,33,16
5,11,13,22,36,42
14,15,23,31,51,9
10,18,40,46,48,4
4,25,39,41,50,21
17,27,28,35,52,38
6,28,35,38,51,28
7,14,23,46,49,6
12,17,35,47,50,35
2,9,17,25,36,31
10,28,31,40,52,34
5,29,31,47,49,30
19,37,40,47,51,31
12,30,41,45,52,2
5,24,25,44,52,41
1,5,20,21,45,20
2,24,28,37,44,13
6,7,27,28,41,8
10,23,27,31,34,41
6,11,16,17,44,25
1,26,29,38,42,40
7,12,19,47,49,35
2,13,20,21,23,20
2,11,16,21,39,24
10,12,27,30,53,6
10,12,15,49,51,3
20,28,30,40,43,11
4,17,34,48,52,26
4,17,30,42,44,26
9,45,46,48,51,30
16,22,26,44,46,6
1,11,37,39,40,35
18,34,42,43,53,32
2,15,38,43,50,42
5,14,16,29,53,28
5,22,34,39,52,21
2,14,33,50,52,3
8,17,24,42,44,10
6,12,14,22,33,15
3,17,27,32,48,2
13,20,21,35,40,20
1,4,19,21,29,23
1,20,25,40,53,17
15,16,19,21,49,29
14,21,22,29,44,7
32,33,35,40,51,30
18,23,31,38,50,22
30,36,38,40,53,37
9,11,12,17,19,21
8,15,32,34,35,1
9,16,19,23,41,35
12,14,27,33,39,8
2,14,18,30,31,19
4,18,20,25,42,5
8,11,24,31,37,3
23,26,46,49,52,1
9,10,38,42,43,20
14,19,22,39,43,8
2,4,5,38,43,23
12,22,24,31,35,34
1,12,23,36,49,12
3,11,28,40,45,41
6,27,32,42,44,36
5,14,26,31,40,29
3,6,26,39,48,41
6,12,19,24,34,28
15,18,26,31,36,5
12,14,22,29,41,12
24,30,36,37,38,34
5,10,18,24,45,8
1,6,43,47,48,9
3,26,33,42,46,33
4,16,19,33,41,10
11,16,21,27,35,29
13,35,40,46,47,28
13,19,24,33,34,18
2,4,6,22,34,20
2,5,17,22,44,41
16,19,22,34,37,42
2,3,6,13,26,20
10,11,25,40,45,36
3,22,37,42,49,41
26,31,37,43,45,29
2,9,27,36,39,31
7,19,38,48,49,35
4,33,35,36,45,41
6,9,17,23,24,26
1,16,26,37,48,30
7,8,16,42,43,20
13,18,27,39,49,10
26,37,42,46,48,25
1,18,21,36,47,8
2,6,17,19,27,32
18,28,31,35,49,13
9,29,30,33,42,10
5,20,22,23,34,22
2,18,25,31,32,14
30,33,36,37,49,9
3,15,16,36,40,23
6,11,25,28,34,15
6,7,9,12,20,20
3,26,32,45,48,38
1,9,12,18,33,33
1,13,16,33,43,2
27,34,40,42,44,13
2,3,22,23,36,27
16,22,32,33,38,19
7,12,17,29,48,1
15,16,22,30,35,35
8,14,17,29,36,22
8,13,16,19,29,35
15,35,40,43,46,20
1,2,10,39,48,6
4,20,25,30,49,14
10,16,37,38,45,1
4,27,28,33,49,8
2,12,38,44,49,22
5,7,15,30,38,13
6,22,25,36,46,21
1,2,6,19,45,20
8,15,19,21,38,3
8,9,19,22,25,37
19,31,32,42,45,33
2,10,33,38,43,13
17,21,30,35,36,37
10,24,28,34,35,14
12,19,27,43,45,39
7,9,15,21,40,19
5,14,15,22,30,2
14,18,30,32,47,34
21,23,35,41,49,27
24,31,34,40,47,33
13,19,22,41,47,11
7,39,40,42,43,6
7,8,14,17,32,19
23,36,42,44,46,12
10,15,27,43,45,32
8,19,23,39,41,28
14,24,27,33,34,18
20,26,35,36,43,31
8,11,13,22,37,36
4,20,35,43,47,5
17,26,31,35,48,30
8,9,13,14,21,5
6,38,41,46,48,4
5,15,18,24,48,15
10,12,27,37,42,33
27,28,31,38,41,31
1,7,10,27,35,21
4,17,28,30,40,6
7,13,16,33,38,23
2,4,6,17,25,17
6,14,36,37,49,27
2,16,18,35,40,35
1,10,17,28,45,37
6,15,24,27,42,37
7,16,33,40,47,16
5,7,29,40,46,30
37,40,41,46,48,13
1,7,8,16,19,34
1,5,9,21,31,3
2,20,23,35,49,13
2,15,21,29,47,31
18,26,30,35,44,20
23,27,34,39,42,41
21,26,28,31,41,20
19,28,33,43,49,32
13,25,35,39,47,33
6,12,13,28,48,5
14,18,24,33,42,20
7,24,27,30,44,37
4,9,32,35,49,12
8,17,22,42,47,25
2,28,30,36,39,12
3,14,20,22,48,19
29,37,40,43,44,40
11,14,20,25,41,29
2,10,25,37,41,23
16,20,24,26,46,1
24,25,26,34,39,26
4,23,33,36,45,8
16,23,29,37,39,29
3,15,19,20,27,28
4,9,26,31,49,21
1,13,15,27,41,10
10,16,18,24,26,17
3,9,22,34,46,6
30,25,3,28,26,8
3,6,33,34,39,2
3,7,13,16,35,9
6,35,38,40,42,31
5,9,14,18,49,29
2,13,17,44,45,17
9,32,34,36,41,20
20,23,37,42,43,2
10,20,21,40,45,2
10,17,26,45,48,13
11,12,28,36,43,17
9,10,21,24,40,10
19,21,32,34,49,15
6,10,21,47,49,22
12,13,20,28,44,36
11,16,28,29,36,32
9,14,19,22,49,14
7,9,19,20,45,14
2,19,30,36,42,27
1,11,20,34,39,22
14,26,28,29,39,38
5,24,25,30,38,9
6,11,18,20,44,36
3,8,16,29,30,38
4,21,32,39,41,2
18,20,31,37,41,17
5,12,13,16,43,21
11,27,37,39,41,34
4,12,27,31,43,5
2,28,37,40,49,19
13,14,18,20,21,37
15,16,18,20,36,39
12,22,27,42,49,40
12,19,26,30,33,39
9,23,32,40,45,4
8,9,23,36,44,31
1,3,9,46,47,1
29,30,34,41,49,11
4,10,32,39,45,42
4,22,31,39,41,20
5,18,29,41,42,22
16,38,41,46,47,16
4,6,7,31,33,18
21,27,29,41,44,34
15,21,27,37,47,11
8,19,32,41,45,31
31,34,39,42,49,15
1,11,25,29,36,22
9,16,28,31,48,37
14,19,23,29,42,25
6,9,22,23,35,6
1,22,24,39,43,16
9,19,29,38,49,25
23,26,29,38,46,20
15,22,24,32,39,9
6,11,15,22,27,16
4,7,31,34,41,37
2,26,33,34,39,26
6,10,19,38,43,40
8,10,14,41,42,36
7,15,20,23,45,26
11,14,22,38,41,6
1,4,20,27,29,26
2,37,38,39,42,20
5,18,40,44,47,35
3,27,31,32,41,18
12,26,32,41,46,27
4,12,21,38,46,28
13,17,37,45,49,23
5,9,22,34,42,41
4,10,14,29,39,20
6,11,32,37,47,17
3,5,20,45,46,39
13,19,24,44,45,17
17,21,28,42,43,22
14,16,18,22,41,34
26,32,41,44,45,33
4,7,27,34,39,18
3,16,24,34,48,37
19,24,32,43,44,4
24,32,42,44,47,2
1,17,27,35,36,10
17,21,23,33,45,13
1,19,40,47,49,37
2,13,21,22,47,16
14,18,20,29,42,25
4,6,12,28,42,37
5,14,20,22,26,35
4,25,29,36,46,1
16,22,27,40,43,3
20,28,40,43,47,39
10,13,17,23,36,15
15,16,27,44,47,31
6,31,38,46,47,11
11,17,18,19,28,14
13,28,32,33,38,31
12,27,33,42,49,2
11,24,26,38,41,6
3,20,22,37,44,35
2,12,15,33,41,8
5,8,18,36,38,5
5,8,21,46,49,31
6,9,10,26,48,23
2,7,10,34,39,14
10,14,18,32,33,21
13,14,22,32,42,34
13,24,27,30,45,14
2,13,26,27,49,31
1,24,27,28,43,7
6,15,25,44,47,36
21,23,32,34,42,33
2,16,32,40,47,40
19,39,45,46,49,34
13,14,15,31,37,10
15,16,22,42,43,12
2,22,29,30,44,2
7,19,43,46,47,26
5,17,40,44,48,18
16,17,20,28,49,4
1,3,27,38,42,25
8,18,20,31,47,7
4,27,29,39,41,5
5,13,34,41,48,15
12,14,26,35,36,17
5,10,17,24,37,10
3,5,9,42,48,11
3,8,9,20,49,36
15,26,28,40,48,4
4,6,20,25,31,26
4,9,12,33,48,34
6,8,11,18,39,24
3,4,13,29,38,11
12,32,37,40,49,16
6,30,43,45,48,7
3,12,30,41,46,37
12,30,39,43,46,15
14,15,19,38,44,35
2,11,23,28,31,22
11,14,17,25,36,9
21,22,29,30,38,6
7,9,23,37,49,18
12,16,20,26,32,40
14,23,24,45,48,21
9,10,12,31,41,37
21,24,37,44,45,32
5,29,36,40,49,32
6,11,34,41,44,10
6,10,12,16,29,20
6,8,28,32,47,39
18,25,30,43,46,38
4,16,32,34,41,1
12,31,35,37,44,39
1,6,21,33,40,7
9,32,38,41,44,35
7,28,35,40,48,21
5,15,16,28,32,37
9,13,23,36,45,24
