,country,goals,xg_z,crosses_z,boxtouches_z,passes_z,progpasses_z,takeons_z,progruns_z,tackles_z,interceptions_z,clearances_z,blocks_z,aerials_z,fouls_z,fouled_z,nsxg_z,results
0,Brazil98,0.4230769230769231,0.1469230769230768,-0.1361538461538461,-0.0299999999999999,0.4292307692307692,0.0376923076923076,0.2446153846153846,-0.22,0.2161538461538461,0.2699999999999999,-0.0769230769230768,-0.0976923076923077,-0.0199999999999999,-0.2246153846153846,0.1007692307692307,-0.1246153846153846,2
1,Brazil94,0.216923076923077,0.3484615384615384,0.0315384615384615,0.1584615384615385,0.8353846153846155,0.6269230769230769,0.2699999999999999,0.2669230769230769,1.1438461538461535,0.8346153846153845,-0.0592307692307692,-0.1346153846153845,0.1969230769230768,-0.0169230769230769,0.0338461538461538,0.1469230769230769,1
2,Brazil90,0.1138461538461538,0.3923076923076922,0.5992307692307691,0.513846153846154,0.833076923076923,0.4053846153846154,0.5215384615384615,1.139230769230769,1.1092307692307697,0.8592307692307692,0.0846153846153846,0.1030769230769231,0.6838461538461539,0.2138461538461538,0.3538461538461538,0.7869230769230771,9
3,Brazil86,0.4792307692307692,0.6092307692307692,0.2276923076923076,0.4507692307692307,0.7707692307692308,0.0423076923076923,0.3376923076923077,0.9276923076923078,0.5069230769230769,1.015384615384615,0.0207692307692307,0.3815384615384615,0.0384615384615384,0.0392307692307692,0.0223076923076922,0.6923076923076923,5
4,Brazil82,0.8776923076923077,0.7738461538461537,0.4284615384615385,0.6592307692307693,0.7546153846153845,0.3353846153846153,0.023076923076923,0.6384615384615385,0.4938461538461538,0.6376923076923074,-0.1176923076923076,-0.0338461538461538,0.5723076923076922,-0.0161538461538461,-0.0969230769230769,0.8907692307692309,5
0,Germany98,0.2453846153846154,0.0976923076923076,0.5492307692307692,0.4899999999999997,0.0907692307692307,0.0715384615384615,-0.4730769230769232,-0.1507692307692307,0.0969230769230769,0.2776923076923077,-0.153076923076923,-0.2123076923076923,0.0338461538461538,-0.1453846153846153,-0.0361538461538462,0.4876923076923077,7
1,Germany94,0.3376923076923079,0.2699999999999999,0.2923076923076922,0.2815384615384616,0.0653846153846153,-0.1423076923076923,-0.0769230769230769,0.4299999999999999,0.6884615384615385,0.0023076923076923,0.0207692307692307,0.1653846153846154,-0.0753846153846153,0.1930769230769231,0.0876923076923076,0.3938461538461539,5
2,Germany90,0.6730769230769231,0.6423076923076921,0.5023076923076923,0.2776923076923078,0.3100000000000001,0.1469230769230769,0.1530769230769229,0.0815384615384615,0.8146153846153845,0.4646153846153847,-0.1507692307692307,-0.0076923076923076,-0.0607692307692307,-0.22,0.0061538461538461,0.3876923076923076,1
3,Germany86,0.1146153846153845,0.1553846153846154,0.2715384615384615,0.3307692307692307,-0.0153846153846153,0.0284615384615384,0.1284615384615385,0.1092307692307692,0.1307692307692308,0.0569230769230768,-0.2323076923076923,-0.1469230769230769,-0.023076923076923,0.0784615384615384,0.5323076923076925,0.1407692307692307,2
4,Germany82,0.2507692307692306,0.2223076923076923,0.003076923076923,0.4053846153846154,-0.2700000000000001,-0.15,0.11,-0.0884615384615384,0.0061538461538461,-0.2107692307692307,-0.2576923076923077,-0.1246153846153845,-0.0046153846153846,0.013076923076923,0.0546153846153846,0.1776923076923076,2
0,Germany18,-0.0661538461538461,0.1623076923076923,0.2669230769230771,0.7415384615384613,0.5661538461538462,0.6046153846153847,-0.1938461538461539,0.5269230769230769,0.3769230769230768,0.2884615384615384,-0.49,-0.1207692307692308,-0.3507692307692308,-0.5107692307692309,-0.26,0.8615384615384615,32
1,Germany14,0.7553846153846154,0.6146153846153847,0.0715384615384615,0.436923076923077,0.5169230769230769,0.3446153846153846,-0.1323076923076923,-0.0061538461538461,0.6715384615384614,-0.0438461538461538,-0.2407692307692307,-0.0138461538461538,-0.1138461538461538,-0.1184615384615384,0.043076923076923,0.3961538461538462,1
2,Germany10,0.8169230769230768,0.4338461538461538,-0.0246153846153846,0.4523076923076924,0.1946153846153846,-0.1046153846153846,0.0061538461538461,0.3846153846153845,0.0476923076923077,0.0569230769230769,-0.0669230769230769,0.2761538461538462,0.2961538461538462,-0.3876923076923076,-0.2584615384615384,0.2761538461538462,3
3,Germany06,0.56,0.2253846153846154,0.0153846153846153,0.2069230769230768,0.0615384615384614,-0.043076923076923,-0.203076923076923,0.0369230769230769,0.3707692307692308,-0.07,-0.1784615384615385,-0.3492307692307693,-0.0938461538461538,-0.1653846153846153,-0.0553846153846154,-0.0007692307692307,3
4,Germany02,0.5630769230769231,0.2884615384615384,0.0938461538461537,0.2238461538461538,-0.4438461538461538,-0.3692307692307693,-0.3423076923076923,-0.2984615384615384,-0.0307692307692308,-0.3161538461538462,-0.3223076923076923,-0.2746153846153846,0.0269230769230769,-0.2607692307692307,-0.0176923076923076,0.1138461538461538,2
0,Portugal02,0.4030769230769229,0.2076923076923077,0.1576923076923076,0.0884615384615383,0.0569230769230768,-0.1615384615384615,0.3576923076923077,-0.0730769230769231,0.4684615384615384,0.5738461538461539,0.0853846153846154,0.0099999999999999,0.3269230769230767,0.3315384615384615,0.5576923076923077,0.2623076923076923,21
1,Portugal06,0.13,0.3438461538461539,-0.1453846153846154,-0.0046153846153846,0.0407692307692307,-0.3384615384615385,0.2376923076923077,0.2207692307692307,-0.1315384615384615,-0.0007692307692307,-0.3915384615384615,-0.0961538461538461,-0.0961538461538461,-0.1292307692307692,0.0407692307692307,-0.1084615384615384,4
2,Portugal10,0.5315384615384614,0.2846153846153846,-0.0238461538461538,0.1007692307692308,0.0784615384615384,-0.2999999999999999,0.07,0.1807692307692307,0.1053846153846153,0.0738461538461538,0.0238461538461538,-0.1315384615384615,-0.0092307692307692,0.2361538461538462,-0.03,0.053076923076923,11
3,Portugal14,0.0753846153846153,0.5292307692307691,0.273076923076923,0.2453846153846154,0.3792307692307692,0.4807692307692308,0.083076923076923,0.3507692307692306,0.173076923076923,-0.0307692307692307,-0.0484615384615384,0.1707692307692307,-0.1961538461538461,0.1853846153846154,0.0361538461538461,0.3015384615384615,18
4,Portugal18,0.3738461538461539,0.1661538461538461,0.2976923076923077,0.0446153846153845,0.3169230769230768,-0.0446153846153846,0.3792307692307691,0.2123076923076923,0.3007692307692307,0.2476923076923076,-0.0246153846153846,-0.2638461538461539,0.2946153846153846,0.1838461538461538,0.3861538461538463,0.1199999999999999,13
0,Spain02,0.4515384615384615,0.4953846153846152,-0.0123076923076923,0.1823076923076923,0.003076923076923,-0.2223076923076923,0.0123076923076923,0.1307692307692307,0.1476923076923077,-0.01,-0.1938461538461538,-0.2153846153846154,0.1515384615384615,-0.2876923076923076,0.1576923076923077,0.1323076923076923,10
1,Spain06,0.8815384615384615,1.0153846153846156,0.6376923076923077,0.5330769230769229,0.5007692307692307,0.2661538461538461,0.6769230769230768,0.08,0.4476923076923076,1.2153846153846155,-0.3376923076923077,-0.4423076923076924,-0.273076923076923,0.0415384615384615,0.093076923076923,0.6507692307692309,23
2,Spain10,0.18,0.5392307692307694,0.3830769230769231,0.8684615384615385,1.156923076923077,0.32,0.6169230769230768,1.432307692307692,0.7538461538461537,0.91,0.0269230769230769,0.6361538461538461,0.2861538461538461,-0.1384615384615385,0.4646153846153847,0.7623076923076924,1
3,Spain14,0.2438461538461538,0.5361538461538463,-0.0761538461538462,0.5969230769230769,0.7707692307692308,-0.0523076923076922,-0.1823076923076923,0.4892307692307693,1.146153846153846,0.6576923076923078,-0.383076923076923,-0.3792307692307692,0.0176923076923076,-0.3915384615384616,0.3330769230769231,0.4123076923076923,9
4,Spain18,0.1907692307692308,0.6807692307692309,0.3192307692307694,0.7630769230769232,1.4107692307692308,0.2676923076923076,0.5169230769230769,0.9815384615384614,0.42,0.4492307692307691,-0.3923076923076923,0.0946153846153846,-0.0169230769230769,-0.4100000000000001,0.1953846153846153,0.7261538461538463,5
0,Switzerland94,0.1169230769230769,0.0515384615384615,0.3500000000000001,0.2038461538461537,0.0523076923076923,0.103076923076923,-0.3369230769230769,-0.3361538461538462,-0.1861538461538461,0.073076923076923,-0.0761538461538461,-0.123076923076923,-0.0446153846153846,0.0946153846153846,0.1846153846153845,0.2092307692307691,15
0,Switzerland06,0.1130769230769231,0.0038461538461539,-0.05,-0.033076923076923,0.2253846153846154,0.1484615384615384,-0.013076923076923,-0.0723076923076923,0.5707692307692307,0.9584615384615384,0.2061538461538461,-0.0084615384615384,0.4792307692307692,-0.1515384615384615,0.1461538461538461,-0.0446153846153845,10
1,Switzerland10,-0.2223076923076923,0.1223076923076923,0.2515384615384615,0.1284615384615384,-0.1084615384615384,0.0715384615384616,0.0907692307692308,-0.0684615384615384,-0.4461538461538463,0.2761538461538461,0.3676923076923077,-0.1223076923076923,0.0592307692307692,0.4292307692307692,0.0423076923076922,0.2692307692307693,19
2,Switzerland14,0.3876923076923079,0.5507692307692307,0.0223076923076922,0.1384615384615384,0.0723076923076922,0.213076923076923,0.0099999999999999,0.0507692307692307,0.2046153846153846,-0.1946153846153846,-0.0607692307692307,-0.2153846153846154,-0.1299999999999999,0.3230769230769231,0.3823076923076922,0.2069230769230769,11
3,Switzerland18,0.2415384615384616,0.3307692307692305,0.5223076923076924,0.1815384615384616,0.2192307692307692,0.113076923076923,0.0453846153846153,0.2869230769230769,0.6792307692307691,0.503076923076923,-0.1723076923076923,0.4576923076923076,-0.2469230769230769,-0.04,0.1161538461538461,0.1869230769230769,14
0,France98,0.4453846153846154,0.3907692307692308,0.2438461538461537,0.2923076923076922,0.0915384615384615,0.1615384615384615,0.26,0.4561538461538462,0.3830769230769231,0.4861538461538461,-0.0853846153846153,-0.2830769230769231,0.1607692307692308,-0.0576923076923077,0.1315384615384615,0.4561538461538462,4
1,France86,0.3323076923076923,0.3623076923076924,-0.0438461538461538,0.3169230769230768,0.06,0.0192307692307692,0.1407692307692307,0.2099999999999999,0.3438461538461538,0.2761538461538462,-0.0576923076923077,0.1123076923076922,-0.0538461538461538,0.1430769230769231,0.0607692307692307,0.1923076923076923,3
2,France82,0.5007692307692306,0.2576923076923076,0.0807692307692307,0.1392307692307692,0.0315384615384615,-0.1946153846153846,0.4523076923076923,0.1684615384615385,0.0053846153846153,-0.0099999999999999,-0.0969230769230769,0.0315384615384615,0.0161538461538461,-0.0792307692307692,0.0753846153846154,0.2007692307692307,1
0,Brazil02,0.8438461538461538,0.7123076923076923,0.0169230769230768,0.2453846153846154,0.0107692307692307,-0.1815384615384615,0.9407692307692308,0.8346153846153844,0.2415384615384615,0.0353846153846153,-0.0392307692307692,0.1315384615384615,-0.1661538461538461,-0.1346153846153846,0.1007692307692308,0.3061538461538461,1
1,Brazil06,0.6192307692307693,0.3838461538461539,0.0653846153846154,0.2776923076923075,0.7015384615384617,0.0523076923076923,0.6984615384615385,0.7130769230769229,0.4584615384615385,0.3138461538461538,0.1323076923076923,0.0869230769230768,-0.1553846153846153,-0.0130769230769231,0.2861538461538462,0.4346153846153846,5
2,Brazil10,0.5576923076923076,0.1869230769230768,0.1415384615384615,0.3984615384615386,0.7792307692307692,0.2476923076923077,0.84,0.9376923076923078,0.8107692307692307,1.0315384615384615,-0.1146153846153846,0.3653846153846153,0.0046153846153846,0.2484615384615384,0.3315384615384617,0.5353846153846153,6
3,Brazil14,0.3284615384615386,0.3761538461538461,0.0292307692307691,0.4753846153846152,-0.0038461538461538,-0.1930769230769231,0.4199999999999999,0.4084615384615384,0.3746153846153847,0.3692307692307693,0.0192307692307692,0.1169230769230769,0.2692307692307692,0.4438461538461538,0.5515384615384615,0.2915384615384616,4
4,Brazil18,0.4276923076923077,0.8646153846153843,0.3523076923076924,1.153076923076923,0.5807692307692308,-0.0153846153846154,0.6638461538461539,1.0923076923076926,0.8130769230769231,0.8099999999999999,-0.1407692307692308,0.3484615384615385,-0.0261538461538461,-0.1869230769230769,0.4192307692307691,1.027692307692308,6
0,Netherlands14,0.493846153846154,0.406923076923077,-0.0407692307692307,0.0969230769230769,0.1007692307692307,-0.1692307692307692,0.3061538461538463,0.0984615384615384,-0.0323076923076922,0.13,0.0969230769230769,-0.1746153846153846,0.2576923076923076,0.2892307692307692,-0.0199999999999999,0.1038461538461537,3
1,Netherlands10,0.3969230769230767,0.126923076923077,-0.0923076923076922,0.1623076923076924,0.3746153846153846,0.0730769230769231,0.1546153846153846,0.1353846153846154,0.2984615384615384,0.2984615384615384,0.0630769230769231,0.3161538461538462,0.0415384615384615,0.3684615384615384,0.4392307692307691,0.1276923076923077,2
2,Netherlands06,0.0138461538461538,0.156923076923077,-0.1992307692307692,0.1523076923076922,0.2061538461538461,-0.1161538461538461,0.1761538461538462,0.5169230769230769,0.4023076923076923,0.3623076923076924,0.18,0.2753846153846153,-0.0169230769230768,0.5676923076923076,-0.0430769230769231,0.08,11
0,Belgium02,0.199230769230769,0.2107692307692308,0.1807692307692307,0.36,-0.3361538461538461,-0.3161538461538461,-0.2830769230769231,-0.4992307692307692,-0.1561538461538461,-0.0107692307692307,-0.2653846153846154,-0.2984615384615384,0.3761538461538461,0.1253846153846154,0.173076923076923,0.27,14
1,Belgium14,0.1376923076923076,0.2099999999999999,0.3084615384615384,0.5361538461538461,0.2184615384615384,-0.0976923076923076,0.5907692307692307,0.8538461538461538,0.2530769230769231,0.376153846153846,0.0230769230769231,0.1938461538461538,0.5853846153846154,0.3730769230769231,-0.08,0.473076923076923,6
2,Belgium18,0.5661538461538462,0.5607692307692307,0.2346153846153846,0.446923076923077,0.1623076923076923,-0.0376923076923077,0.4738461538461538,0.5423076923076923,-0.023076923076923,-0.093076923076923,-0.2253846153846154,0.3138461538461538,-0.2353846153846154,0.063076923076923,-0.043076923076923,0.5584615384615385,3
0,England02,0.176153846153846,0.1861538461538462,0.0861538461538461,0.1638461538461538,0.2184615384615384,0.0046153846153845,0.0892307692307692,0.32,-0.2207692307692307,-0.2892307692307692,0.3607692307692307,-0.0153846153846154,0.4046153846153845,-0.0138461538461538,0.1892307692307692,-0.0384615384615384,6
1,England06,0.1223076923076923,0.33,0.343076923076923,0.5523076923076922,-0.0553846153846154,-0.3738461538461538,0.3099999999999999,-0.0223076923076923,0.18,-0.2876923076923077,-0.1969230769230769,0.7146153846153844,0.3461538461538461,-0.1992307692307692,0.0307692307692307,0.3046153846153845,7
2,England10,-0.0007692307692307,0.323076923076923,0.3884615384615383,0.4246153846153847,0.2553846153846154,-0.0123076923076923,0.1353846153846153,0.1546153846153846,0.2199999999999999,0.5815384615384614,-0.2676923076923077,0.8753846153846152,0.2661538461538461,-0.0915384615384615,0.0423076923076922,0.5061538461538461,13
3,England14,-0.093076923076923,0.3015384615384614,0.0407692307692307,0.0261538461538461,0.2530769230769231,-0.1007692307692307,0.4476923076923076,0.2107692307692308,0.0176923076923076,-0.2761538461538461,-0.2799999999999999,-0.2569230769230769,-0.1638461538461538,-0.2830769230769231,0.1346153846153846,0.1707692307692307,26
4,England18,0.446923076923077,0.4046153846153846,0.1261538461538462,0.3669230769230769,0.2346153846153846,-0.1846153846153846,0.0846153846153846,0.0861538461538461,-0.0884615384615384,0.0215384615384615,-0.1838461538461538,0.2361538461538461,0.4669230769230769,-0.143076923076923,0.1699999999999999,0.2799999999999999,4
0,Argentina02,-0.0853846153846153,0.6738461538461539,0.5615384615384614,0.8200000000000001,0.39,0.0676923076923076,0.1838461538461538,0.6084615384615385,0.3961538461538461,0.5769230769230769,-0.353076923076923,0.4800000000000004,0.0384615384615384,0.0984615384615385,0.2823076923076921,0.6876923076923075,18
1,Argentina06,0.7000000000000001,-0.0069230769230768,-0.1376923076923077,-0.0715384615384615,0.4430769230769232,0.0807692307692307,0.3684615384615385,-0.1615384615384615,0.3123076923076923,0.1638461538461538,0.1746153846153846,0.6707692307692307,-0.2384615384615384,0.1246153846153845,0.2815384615384615,0.0384615384615384,6
2,Argentina10,0.4507692307692306,0.496153846153846,0.0092307692307692,0.5538461538461539,0.5492307692307693,0.0653846153846154,0.7084615384615383,0.0199999999999999,0.5661538461538461,0.4569230769230769,-0.2192307692307692,0.2338461538461538,-0.2176923076923077,-0.3846153846153846,0.2353846153846155,0.4884615384615384,5
3,Argentina14,0.0115384615384615,0.1523076923076923,0.2223076923076923,0.2892307692307693,0.2246153846153845,-0.1415384615384615,0.476923076923077,0.1707692307692307,0.54,0.2538461538461538,0.0792307692307692,0.2115384615384615,-0.1192307692307692,-0.2561538461538462,0.1761538461538461,0.1684615384615385,2
4,Argentina18,0.3738461538461539,0.11,0.03,0.3007692307692307,0.4976923076923076,-0.2138461538461538,0.4499999999999999,0.7430769230769231,0.8815384615384615,0.3707692307692307,0.0123076923076923,0.0746153846153846,0.0069230769230769,-0.0407692307692307,0.6561538461538461,0.3169230769230769,16
0,Uruguay02,0.2392307692307691,0.55,0.1569230769230769,0.1830769230769229,-0.2107692307692307,-0.2046153846153846,0.7476923076923077,0.4161538461538461,0.0992307692307692,-0.0676923076923077,0.0215384615384615,-0.183076923076923,0.2638461538461539,0.0976923076923077,0.06,0.0553846153846154,26
1,Uruguay10,0.3969230769230766,0.1307692307692307,-0.0692307692307692,0.05,-0.1507692307692307,-0.2253846153846153,0.0838461538461538,-0.0338461538461538,-0.0507692307692307,0.0615384615384615,0.4953846153846153,0.0638461538461538,0.4738461538461537,-0.013076923076923,0.3353846153846153,-0.1676923076923077,4
2,Uruguay14,0.0746153846153845,0.1292307692307693,0.1115384615384615,0.2269230769230769,-0.1523076923076922,-0.1546153846153846,-0.2046153846153846,-0.2730769230769231,-0.1192307692307692,0.1746153846153846,-0.0246153846153846,-0.25,0.4092307692307691,0.5553846153846155,0.3507692307692308,0.0561538461538461,12
3,Uruguay18,0.2153846153846154,0.3161538461538461,0.1715384615384615,0.1746153846153846,0.0307692307692307,-0.0023076923076923,-0.0207692307692307,-0.0184615384615384,-0.1784615384615384,0.9200000000000002,0.1038461538461538,-0.0553846153846153,-0.0138461538461538,0.1046153846153846,0.2246153846153846,0.1646153846153845,5
0,Senegal02,0.1930769230769229,0.0876923076923077,-0.18,0.0453846153846154,-0.4923076923076922,-0.3253846153846154,0.3330769230769232,0.0484615384615385,-0.2799999999999999,-0.3453846153846154,0.0823076923076922,-0.1523076923076923,0.1684615384615384,0.1107692307692307,0.2446153846153846,-0.0569230769230768,7
1,Senegal18,0.1107692307692308,-0.0746153846153846,0.1484615384615385,0.0876923076923077,-0.3207692307692307,-0.1507692307692307,0.0284615384615384,0.1215384615384616,-0.3846153846153846,-0.2407692307692307,-0.1453846153846154,-0.3530769230769231,0.3023076923076924,0.3523076923076921,-0.0953846153846154,0.0715384615384615,17
0,Ecuador02,-0.0853846153846153,-0.2923076923076923,-0.0669230769230769,-0.23,0.8423076923076922,0.6669230769230771,0.2269230769230769,-0.0515384615384615,0.8500000000000001,0.6092307692307694,0.2561538461538461,0.5115384615384616,0.1992307692307693,0.4453846153846152,-0.0492307692307692,-0.2661538461538461,24
1,Ecuador06,0.3030769230769231,0.0853846153846154,0.0299999999999999,-0.0546153846153846,0.3484615384615384,0.0715384615384615,0.243076923076923,0.0792307692307692,0.0038461538461538,0.2700000000000001,0.1215384615384615,0.033076923076923,0.353076923076923,0.3276923076923075,0.0469230769230768,0.1030769230769231,12
2,Ecuador14,0.0753846153846154,0.13,-0.0176923076923077,-0.0669230769230769,-0.1976923076923077,0.0061538461538461,0.1161538461538461,0.1930769230769231,-0.2546153846153846,-0.5092307692307693,0.4069230769230769,0.0392307692307692,0.6007692307692308,0.4746153846153846,-0.0638461538461538,-0.1438461538461538,17
0,CostaRica14,0.0161538461538461,-0.1776923076923077,-0.1707692307692308,-0.1484615384615384,-0.2676923076923077,-0.2723076923076922,-0.3446153846153847,-0.4323076923076923,-0.3392307692307693,-0.3476923076923076,0.2092307692307692,-0.2376923076923077,-0.0961538461538461,0.4338461538461537,0.163076923076923,-0.2684615384615384,8
1,CostaRica18,-0.243076923076923,-0.0215384615384614,0.09,-0.1176923076923077,-0.1899999999999999,-0.03,0.2830769230769231,-0.3492307692307692,-0.2523076923076923,-0.2846153846153846,0.2153846153846154,-0.1984615384615384,-0.0123076923076923,0.2015384615384614,-0.1292307692307692,-0.0846153846153846,30
0,Mexico10,0.1323076923076923,0.2515384615384615,-0.0246153846153846,0.1992307692307692,0.563076923076923,0.2,0.2346153846153845,0.8638461538461539,1.1092307692307692,-0.0184615384615384,0.1569230769230769,0.1753846153846154,-0.0092307692307692,0.6076923076923075,0.3784615384615384,0.3192307692307692,14
1,Mexico14,0.2007692307692307,-0.0438461538461537,0.2007692307692307,0.0646153846153847,-0.0046153846153846,0.1746153846153846,-0.0553846153846154,-0.0899999999999999,-0.1507692307692307,-0.193076923076923,-0.0769230769230769,-0.0238461538461538,-0.1192307692307692,0.0946153846153846,0.1523076923076923,0.0846153846153845,10
2,Mexico18,-0.023076923076923,0.1946153846153847,0.0292307692307692,0.3415384615384616,0.2738461538461538,0.5561538461538462,0.6884615384615387,0.9823076923076924,0.5323076923076921,0.3646153846153846,0.0861538461538461,0.9615384615384616,0.0069230769230769,0.3523076923076921,0.24,0.26,12
0,France02,-0.4100000000000001,0.3292307692307692,0.6069230769230768,0.7138461538461539,0.4676923076923077,-0.033076923076923,0.1407692307692307,0.6092307692307692,0.6107692307692308,0.6392307692307693,-0.4923076923076923,-0.3853846153846154,0.0084615384615384,-0.0169230769230769,0.3107692307692307,0.633076923076923,28
1,France06,0.2884615384615384,0.3707692307692308,0.1246153846153846,0.2884615384615384,0.1661538461538461,-3.416070845000482e-17,0.5661538461538462,0.4815384615384615,0.1776923076923077,-0.0099999999999999,-0.2384615384615384,-0.2023076923076923,-0.2823076923076923,0.0669230769230769,0.2246153846153847,0.4846153846153846,2
2,France10,-0.2223076923076923,-0.0192307692307692,-0.0230769230769231,0.1553846153846153,-0.3030769230769231,-0.3792307692307692,0.7446153846153846,0.0692307692307692,0.0438461538461538,0.3215384615384616,-0.3761538461538461,-0.2653846153846154,-0.0776923076923077,0.1823076923076923,0.1707692307692307,-0.0092307692307692,29
3,France14,0.376923076923077,0.7476923076923077,0.6084615384615387,1.0261538461538462,0.3538461538461538,0.1307692307692307,0.3361538461538462,0.0107692307692307,0.1146153846153845,-0.0253846153846154,-0.1492307692307692,0.2992307692307692,0.4038461538461538,0.1276923076923078,0.1584615384615385,0.8176923076923075,7
4,France18,0.4892307692307693,0.2315384615384615,-0.1246153846153846,0.1892307692307692,0.1238461538461538,-0.0392307692307692,0.3507692307692306,0.0807692307692307,0.1792307692307692,0.1261538461538461,0.4569230769230769,-0.1446153846153846,0.266923076923077,0.3200000000000002,0.4607692307692307,0.1292307692307693,1
0,Denmark02,0.1999999999999999,0.0461538461538461,-0.0561538461538461,0.1292307692307692,0.1207692307692307,0.053076923076923,0.0107692307692307,0.2676923076923077,0.0015384615384615,0.1061538461538461,-0.1323076923076923,-0.3107692307692308,0.0638461538461538,0.2346153846153846,-0.18,-0.0023076923076922,10
1,Denmark10,0.133076923076923,0.5338461538461539,0.0869230769230769,0.4446153846153846,-0.2761538461538461,-0.3061538461538462,-0.1269230769230769,0.1046153846153846,-0.0292307692307692,-0.3184615384615384,0.2784615384615385,-0.0692307692307692,0.1507692307692308,0.1515384615384615,-0.2115384615384615,-0.1238461538461538,24
2,Denmark18,-0.053076923076923,-0.1923076923076922,-0.1369230769230769,0.0653846153846153,-0.3746153846153846,-0.2638461538461539,-0.0099999999999999,-0.393076923076923,-0.3946153846153846,-0.3146153846153846,-0.1999999999999999,-0.1361538461538461,0.3269230769230768,-0.0461538461538461,-0.4130769230769232,-0.0192307692307692,11
0,Australia06,0.3030769230769231,0.49,0.4861538461538461,0.8592307692307694,0.3038461538461539,0.2061538461538461,0.0099999999999999,0.5153846153846154,0.316923076923077,-0.0753846153846154,0.0961538461538461,0.869230769230769,0.3246153846153846,0.8300000000000001,0.0469230769230768,0.8484615384615386,16
1,Australia10,0.1323076923076923,0.2476923076923076,0.4176923076923077,0.4876923076923077,0.0692307692307691,0.1146153846153845,-0.3876923076923078,-0.2561538461538462,-0.4476923076923077,-0.4623076923076923,0.103076923076923,-0.0153846153846153,0.0592307692307692,0.4307692307692307,-0.1161538461538461,0.1876923076923076,21
2,Australia14,0.0753846153846154,0.0946153846153846,0.0399999999999999,-0.0415384615384615,0.2538461538461538,0.0361538461538461,0.1492307692307692,0.0892307692307693,-0.6469230769230769,0.0230769230769231,-0.0815384615384615,0.0238461538461538,0.0484615384615384,0.51,0.0023076923076923,-0.113076923076923,30
3,Australia18,-0.0669230769230768,0.1653846153846155,0.4476923076923077,0.1884615384615386,0.47,0.3469230769230769,0.25,0.1053846153846154,0.2169230769230768,0.1323076923076923,0.3307692307692307,-0.3315384615384615,0.303846153846154,0.313076923076923,0.0669230769230768,0.1392307692307692,28
0,Serbia10,-0.0446153846153845,0.2184615384615383,0.4169230769230769,0.2707692307692307,0.2546153846153846,-0.2269230769230769,-0.04,0.533076923076923,-0.1669230769230769,0.0961538461538461,0.2046153846153846,0.1376923076923076,0.1046153846153846,-0.2523076923076923,0.6161538461538462,0.2461538461538462,23
1,Serbia18,-0.0661538461538461,0.0761538461538461,0.3876923076923078,0.6738461538461537,0.0507692307692307,0.183076923076923,0.2830769230769231,0.3584615384615385,0.1792307692307693,-0.3407692307692307,0.2330769230769231,0.2576923076923077,0.6184615384615385,0.5753846153846155,0.33,0.6000000000000001,22
0,Cameroon02,-0.0853846153846153,0.1046153846153846,0.3369230769230768,0.406923076923077,0.5884615384615384,0.5946153846153845,0.4015384615384615,0.5884615384615384,0.07,0.2946153846153846,0.0523076923076923,0.6492307692307692,0.2638461538461537,0.3892307692307692,0.2261538461538461,0.4176923076923077,20
1,Cameroon10,-0.0453846153846153,0.4423076923076923,0.306923076923077,0.6307692307692304,-0.0092307692307692,-0.1584615384615385,0.1353846153846153,-0.2392307692307692,-0.1507692307692307,-0.2546153846153846,-0.6146153846153847,-0.1407692307692307,0.0592307692307692,0.2446153846153846,-0.1492307692307692,0.4776923076923077,31
2,Cameroon14,-0.2615384615384615,-0.0676923076923077,0.0399999999999999,0.2030769230769232,-0.3353846153846153,-0.2938461538461538,0.1499999999999999,-0.0869230769230768,-0.3384615384615385,0.0499999999999999,-0.0823076923076922,0.0776923076923076,-0.2269230769230769,-0.0307692307692307,-0.1300000000000001,-0.0946153846153846,32
0,Ghana06,0.1584615384615385,0.6323076923076923,0.0292307692307691,0.2546153846153846,0.1169230769230769,-0.0092307692307692,-0.0569230769230769,0.0669230769230769,-0.103076923076923,-0.0723076923076922,-0.0915384615384615,-0.1323076923076923,-0.0738461538461538,0.8076923076923077,-0.0653846153846154,0.1315384615384615,13
1,Ghana10,0.0692307692307692,0.6269230769230767,-0.0238461538461538,0.2638461538461539,-0.1715384615384615,-0.32,0.1346153846153847,0.0184615384615384,0.1315384615384615,-0.0053846153846153,-0.0676923076923076,-0.0576923076923076,0.06,0.1392307692307692,-0.2484615384615384,0.2046153846153846,7
2,Ghana14,0.243846153846154,0.3146153846153844,0.8538461538461539,0.5576923076923076,0.0499999999999999,0.0307692307692307,0.1507692307692307,0.5076923076923076,0.1592307692307692,0.2792307692307693,0.0569230769230769,-0.1415384615384615,0.4169230769230769,0.0061538461538461,0.3,0.4284615384615384,25
0,iran06,-0.0353846153846153,0.0338461538461538,0.3730769230769231,0.3207692307692307,-0.1907692307692308,-0.3523076923076923,0.2,-0.2476923076923076,-0.2376923076923076,0.2423076923076923,0.2653846153846153,-0.2415384615384616,0.2838461538461538,0.1899999999999999,0.4892307692307692,0.1384615384615384,25
1,iran14,-0.2615384615384615,-0.1976923076923076,0.4469230769230768,-0.1084615384615384,-0.5123076923076924,-0.0823076923076922,-0.1492307692307692,-0.2769230769230769,-0.663076923076923,-0.6007692307692308,0.7546153846153847,-0.3976923076923077,0.08,0.5807692307692305,0.3007692307692308,-0.0223076923076923,28
2,iran18,-0.243076923076923,0.0638461538461538,-0.0907692307692307,-0.2876923076923076,-0.7046153846153846,-0.4415384615384617,-0.0984615384615384,-0.3830769230769231,-0.7223076923076923,-0.606153846153846,0.3138461538461538,-0.3369230769230769,0.0323076923076924,0.4253846153846153,0.4269230769230769,-0.3061538461538461,18
0,Poland02,0.0769230769230769,0.3415384615384615,-0.0669230769230769,0.0292307692307691,-0.5969230769230769,-0.4638461538461538,-0.25,-0.4338461538461539,-0.4323076923076923,-0.636923076923077,-0.2569230769230769,0.0253846153846153,0.0076923076923076,0.4746153846153847,-0.2146153846153846,-0.1153846153846153,25
1,Poland06,-0.0346153846153845,-0.1184615384615384,-0.0830769230769231,0.0976923076923076,0.1915384615384615,0.2146153846153846,0.0661538461538461,-0.0846153846153846,-0.2192307692307692,0.1692307692307692,0.1407692307692307,0.176153846153846,0.0946153846153847,0.0307692307692307,0.22,-0.1246153846153846,21
2,Poland18,-0.0661538461538461,0.173076923076923,-0.0907692307692307,0.2346153846153845,-0.0399999999999999,-0.0761538461538461,-0.353076923076923,-0.3153846153846154,-0.1076923076923076,-0.1046153846153846,0.0676923076923076,0.073076923076923,0.2130769230769231,-0.2876923076923078,-0.03,0.0907692307692307,25
0,Saudi02,-0.4100000000000001,-0.2715384615384615,-0.2015384615384615,-0.313076923076923,0.3215384615384616,-0.0807692307692307,0.053076923076923,-0.0307692307692307,-0.3092307692307692,-0.1146153846153846,0.203076923076923,-0.2123076923076922,-0.4407692307692307,-0.2192307692307692,0.0346153846153845,-0.3215384615384615,32
1,Saudi06,-0.0353846153846153,-0.0238461538461538,-0.2353846153846154,-0.0992307692307692,0.0453846153846153,-0.0507692307692307,0.2892307692307692,0.59,0.2853846153846154,0.2915384615384615,0.1984615384615384,0.446153846153846,0.0938461538461538,0.4469230769230768,0.46,0.0192307692307692,29
2,Saudi18,-0.0661538461538461,0.2261538461538461,0.1484615384615385,-0.1284615384615385,0.6892307692307693,0.0707692307692307,0.0915384615384616,0.4253846153846154,0.7261538461538461,0.23,-0.3246153846153845,0.0723076923076923,-0.4407692307692308,-0.1738461538461538,0.2961538461538461,-0.0469230769230769,26
0,Tunisia02,-0.2476923076923077,-0.0692307692307692,-0.0223076923076923,0.0176923076923076,-0.4746153846153846,-0.3692307692307692,-0.12,-0.4776923076923076,-0.5907692307692307,-0.6492307692307692,0.0315384615384616,-0.2076923076923077,-0.2484615384615384,0.0976923076923078,-0.0769230769230769,-0.113076923076923,29
1,Tunisia06,0.156923076923077,-0.1423076923076922,-0.2861538461538461,-0.2376923076923076,0.0815384615384615,0.0915384615384615,0.2,-0.3553846153846154,0.1592307692307693,0.4923076923076923,0.4584615384615385,0.1053846153846152,0.02,0.446153846153846,-0.02,-0.4153846153846153,24
2,Tunisia18,0.4638461538461538,0.3430769230769231,0.0292307692307692,-0.0261538461538462,0.173076923076923,0.2007692307692307,0.0923076923076922,0.123076923076923,0.1638461538461538,-0.1869230769230769,-0.2761538461538461,0.0769230769230769,-0.283076923076923,0.2376923076923077,0.1,0.1599999999999999,24
0,Japan02,0.1984615384615383,-0.1161538461538461,-0.09,-0.013076923076923,0.193076923076923,0.1323076923076923,0.0107692307692307,0.3953846153846154,0.1023076923076923,0.8023076923076924,-0.1546153846153846,-0.0130769230769231,0.0161538461538461,0.6684615384615384,0.5853846153846155,-0.03,9
1,Japan06,-0.0353846153846153,-0.093076923076923,-0.1846153846153846,-0.063076923076923,-0.0015384615384615,-0.1815384615384615,0.1107692307692307,0.4269230769230768,-0.0353846153846153,-0.1884615384615384,0.1084615384615384,0.0107692307692307,-0.4738461538461538,-0.4492307692307694,0.2199999999999999,-0.0276923076923076,28
2,Japan14,-0.093076923076923,0.2538461538461539,0.0999999999999999,0.6392307692307694,0.3476923076923077,0.1515384615384615,0.1169230769230769,0.28,0.226923076923077,0.5369230769230768,-0.1284615384615384,0.0838461538461538,0.1415384615384615,0.2576923076923076,0.4330769230769231,0.6446153846153846,29
0,Croatia02,-0.0853846153846153,-0.0415384615384615,0.2923076923076922,0.3246153846153846,-0.3923076923076923,-0.333076923076923,-0.2946153846153846,-0.3069230769230769,-0.1884615384615384,-0.2515384615384615,0.1069230769230769,-0.4399999999999999,0.3607692307692307,0.1261538461538461,0.31,0.2623076923076923,23
1,Croatia06,-0.0353846153846153,0.4646153846153847,0.2715384615384615,0.2953846153846153,0.0323076923076923,0.0146153846153846,0.3330769230769231,0.6807692307692309,-0.0915384615384615,-0.0307692307692307,-0.1076923076923076,-0.0023076923076923,0.1315384615384615,0.5746153846153846,0.5800000000000001,0.2646153846153846,22
2,Croatia14,0.4123076923076925,0.366923076923077,0.5069230769230769,0.5161538461538462,0.0076923076923076,0.14,-0.05,0.0353846153846153,0.0353846153846153,0.2607692307692308,0.2776923076923077,0.4438461538461538,0.4776923076923075,0.3307692307692307,-0.1961538461538461,0.2338461538461538,19
3,Croatia18,0.5199999999999998,0.3792307692307692,0.2984615384615385,0.3753846153846153,0.4076923076923077,0.0746153846153846,0.3046153846153845,0.2653846153846153,0.6099999999999999,0.4315384615384615,0.1846153846153846,0.3246153846153846,0.5407692307692307,0.3769230769230768,0.3176923076923075,0.1984615384615384,2
0,Morocco18,-0.243076923076923,0.0007692307692307,0.2076923076923077,0.1207692307692308,-0.1723076923076923,-0.3276923076923076,0.3784615384615384,0.0376923076923076,0.0030769230769231,-0.0161538461538461,-0.1784615384615384,0.1823076923076921,0.2792307692307693,0.8376923076923077,-0.063076923076923,-0.0023076923076923,27
0,Spain82,-0.1338461538461538,0.2561538461538462,0.1707692307692307,0.2830769230769231,0.1346153846153846,0.3253846153846154,-0.0969230769230769,0.2623076923076922,0.2861538461538461,0.1523076923076922,0.0676923076923076,-0.1723076923076922,0.2361538461538462,0.0007692307692307,0.1276923076923076,0.303076923076923,12
1,Spain86,0.566153846153846,0.463076923076923,0.13,0.4646153846153844,-0.1546153846153846,0.1107692307692308,-0.1346153846153846,-0.1153846153846154,-0.2961538461538462,-0.2823076923076922,-0.366153846153846,-0.21,0.0376923076923077,-0.2638461538461538,0.0646153846153846,0.3530769230769232,7
2,Spain90,0.3192307692307692,0.1815384615384615,0.3430769230769229,0.4784615384615384,0.093076923076923,0.2407692307692306,0.2776923076923077,0.0307692307692307,-0.1246153846153846,0.053076923076923,0.0384615384615384,0.2553846153846155,-0.1076923076923076,0.0807692307692307,0.1746153846153845,0.2546153846153846,10
3,Spain94,0.4176923076923078,0.2499999999999999,0.2592307692307692,0.0761538461538461,-0.3715384615384615,-0.3076923076923077,0.1653846153846154,-0.0838461538461538,-0.4076923076923077,-0.2376923076923076,0.1246153846153846,-0.1238461538461538,0.2323076923076923,0.3853846153846155,-0.07,0.0692307692307692,8
4,Spain98,0.6892307692307694,0.7738461538461537,-0.0207692307692308,0.5515384615384614,-0.0546153846153846,-0.1015384615384615,-0.1123076923076923,-0.08,0.3330769230769229,0.8715384615384614,-0.3184615384615384,0.173076923076923,0.3638461538461539,-0.3269230769230769,-0.1669230769230769,0.4484615384615383,17
0,Portugal86,-0.0807692307692308,-0.0253846153846153,0.2753846153846152,0.2161538461538461,-0.0238461538461538,-0.1269230769230769,0.4369230769230768,0.0269230769230769,-0.0353846153846153,0.0438461538461538,0.1561538461538461,-0.0661538461538461,-0.1461538461538461,-0.2623076923076923,0.4215384615384615,0.0892307692307692,17
0,England82,-0.0407692307692307,0.0861538461538461,0.8,0.5092307692307693,0.1053846153846154,0.2730769230769231,-0.3038461538461539,0.0753846153846153,-0.1523076923076923,0.0507692307692307,-0.2523076923076923,-0.0769230769230769,0.2969230769230769,0.2576923076923077,-0.2446153846153846,0.4753846153846154,6
1,England86,0.2584615384615387,0.1753846153846153,0.2853846153846153,0.583076923076923,-0.08,0.0284615384615385,-0.3353846153846154,-0.1861538461538461,-0.043076923076923,-0.2223076923076923,-0.0099999999999999,0.023076923076923,0.463076923076923,0.0661538461538461,-0.2376923076923076,0.1853846153846154,8
2,England90,0.1146153846153847,0.033076923076923,-0.0899999999999999,0.0861538461538461,-0.2223076923076923,-0.0338461538461538,-0.0946153846153846,-0.13,-0.1892307692307692,-0.4684615384615383,0.1284615384615384,-0.3084615384615384,0.2407692307692307,-0.4638461538461538,-0.4446153846153846,-0.2315384615384615,4
3,England98,0.3461538461538462,0.2807692307692309,0.2569230769230769,0.1469230769230768,0.0015384615384615,0.0207692307692307,0.3630769230769231,-0.1930769230769231,-0.1123076923076922,-0.21,-0.14,-0.2315384615384615,-0.0446153846153846,-0.1107692307692307,0.4523076923076922,0.3092307692307691,9
0,Belgium82,-0.2253846153846154,-0.0053846153846152,-0.2284615384615384,0.1876923076923076,-0.0584615384615384,-0.1369230769230769,-0.183076923076923,0.0269230769230769,0.3023076923076924,-0.0315384615384615,-0.3030769230769231,-0.2092307692307691,-0.2538461538461538,-0.1199999999999999,-0.32,-0.2246153846153846,10
1,Belgium86,0.3038461538461541,-0.0376923076923077,0.0399999999999999,-0.09,-0.3853846153846154,-0.2246153846153846,-0.3215384615384615,-0.1961538461538461,-0.2369230769230769,-0.3446153846153846,-0.1499999999999999,-0.266923076923077,-0.1323076923076923,-0.1023076923076923,-0.3715384615384615,-0.1192307692307692,4
2,Belgium90,0.3184615384615384,-0.0115384615384615,-0.173076923076923,0.0392307692307692,-0.2153846153846154,-0.0907692307692307,0.0507692307692307,-0.1653846153846154,0.0253846153846154,0.0453846153846153,-0.4023076923076922,-0.0269230769230768,-0.1338461538461538,-0.4038461538461538,-0.5784615384615385,-0.1461538461538462,11
3,Belgium94,0.0153846153846153,0.3215384615384615,0.6815384615384615,0.5884615384615384,0.2884615384615385,0.2769230769230769,0.1492307692307692,0.4669230769230769,0.4730769230769231,0.3707692307692308,-0.1276923076923077,0.583076923076923,-0.0061538461538461,-0.2007692307692307,0.5307692307692308,0.8976923076923077,11
4,Belgium98,0.0553846153846154,-0.1192307692307692,-0.0207692307692308,0.2361538461538462,-0.7815384615384617,-0.6492307692307693,-0.4076923076923077,-0.5684615384615384,-0.5784615384615385,-0.4446153846153847,-0.076153846153846,-0.2130769230769231,-0.3338461538461538,-0.093076923076923,-0.1976923076923077,0.083076923076923,19
0,Uruguay86,-0.1592307692307692,-0.0676923076923076,-0.1776923076923077,-0.23,-0.4392307692307692,-0.3715384615384615,0.2946153846153846,0.1792307692307692,-0.49,-0.5138461538461538,0.1538461538461538,-0.3584615384615385,-0.0784615384615384,0.2515384615384616,0.5069230769230768,-0.2761538461538461,16
1,Uruguay90,-0.1523076923076922,0.0484615384615384,0.3407692307692308,-0.1399999999999999,-0.1776923076923076,-0.0207692307692308,0.0838461538461537,0.1515384615384615,0.3276923076923076,0.0892307692307692,0.0315384615384615,-0.3669230769230769,-0.1699999999999999,0.1730769230769231,0.4092307692307692,0.1823076923076923,16
0,Canada86,-0.39,-0.2023076923076923,0.2753846153846154,0.0976923076923076,-0.4284615384615385,-0.4476923076923076,-0.1669230769230769,-0.4953846153846155,-0.1630769230769231,-0.3746153846153847,0.0346153846153846,-0.2815384615384615,0.2,-0.1992307692307692,0.0061538461538461,-0.0123076923076922,24
0,Netherlands90,-0.0184615384615384,0.1846153846153846,0.1684615384615385,0.2769230769230771,-0.1069230769230769,-0.2253846153846154,0.1384615384615383,0.0638461538461538,-0.0246153846153846,-0.1538461538461538,-0.1192307692307692,0.0569230769230769,0.2853846153846154,-0.0369230769230769,-0.2930769230769231,0.2284615384615385,15
1,Netherlands90,0.2561538461538463,0.1269230769230769,0.0938461538461538,0.3107692307692308,0.493076923076923,0.3615384615384615,0.3123076923076923,0.273076923076923,0.2761538461538461,0.8830769230769231,-0.2869230769230768,-0.1346153846153845,-0.2292307692307692,0.3076923076923077,-0.0507692307692307,0.4823076923076922,7
2,Netherlands90,0.4207692307692307,0.2300000000000001,0.3269230769230769,0.4507692307692307,0.3284615384615384,0.1307692307692307,0.6076923076923075,0.5084615384615385,0.5646153846153846,0.3515384615384616,-0.4369230769230768,-0.2715384615384615,-0.1092307692307691,0.0999999999999999,-0.0084615384615384,0.8469230769230769,4
0,Saudi94,0.1169230769230769,0.2384615384615384,-0.0215384615384615,-0.0715384615384615,-0.5007692307692307,-0.336923076923077,0.0684615384615384,0.3069230769230769,-0.6115384615384616,-0.4284615384615385,0.5161538461538462,-0.1384615384615384,-0.083076923076923,-0.1261538461538461,0.0861538461538461,-0.1192307692307692,12
1,Saudi98,-0.103076923076923,0.0561538461538461,-0.3153846153846154,-0.4592307692307693,-0.0723076923076923,-0.4538461538461539,-0.0753846153846154,-0.2592307692307692,0.1138461538461538,0.3476923076923077,0.3861538461538461,-0.1023076923076923,-0.43,-0.2115384615384615,-0.0192307692307692,-0.5523076923076924,28
0,Croatia98,0.3261538461538462,0.253076923076923,0.2653846153846153,0.2407692307692308,-0.1430769230769231,-0.0507692307692307,0.3407692307692308,0.2276923076923077,-0.4307692307692308,-0.3984615384615384,0.0399999999999999,-0.013076923076923,-0.0392307692307692,0.2984615384615384,0.2207692307692308,0.2292307692307691,3
0,Cameroon82,-0.3341666666666666,-0.1108333333333333,-0.2383333333333333,-0.1416666666666665,0.4808333333333334,0.4183333333333334,-0.2116666666666666,-0.0833333333333333,0.1858333333333333,0.6049999999999999,0.4724999999999998,0.9975,-0.375,1.0358333333333334,0.3608333333333333,0.0775,17
1,Cameroon90,0.2407692307692309,-0.013076923076923,-0.1315384615384615,-0.1476923076923076,-0.2046153846153846,0.0323076923076923,0.0915384615384614,-0.35,-0.4038461538461539,-0.4553846153846154,-0.3392307692307692,-0.2592307692307691,-0.1692307692307692,0.0876923076923077,-0.2384615384615384,0.0876923076923077,7
2,Cameroon94,0.0138461538461537,-0.1638461538461538,-0.2146153846153846,-0.0584615384615384,-0.2869230769230769,-0.2523076923076924,-0.1469230769230769,-0.3515384615384616,-0.1653846153846153,-0.4730769230769231,-0.1007692307692307,-0.3015384615384615,0.2107692307692306,-0.2323076923076922,-0.2746153846153846,0.0315384615384615,22
3,Cameroon98,-0.103076923076923,-0.0976923076923077,0.3715384615384615,0.0407692307692307,-0.1469230769230769,0.0199999999999999,0.6261538461538462,0.0646153846153846,-0.0907692307692307,-0.2330769230769231,-0.1176923076923076,-0.2753846153846154,0.3976923076923077,-0.5346153846153846,-0.2284615384615384,0.2030769230769231,25
0,Denmark86,0.7669230769230764,0.6438461538461536,-0.2653846153846154,0.2299999999999999,0.353076923076923,-0.0153846153846153,0.4961538461538461,0.606923076923077,0.446153846153846,-0.0969230769230769,-0.1284615384615384,0.0869230769230768,-0.2338461538461538,0.1807692307692306,-0.1184615384615384,0.4046153846153845,9
1,Denmark98,0.4323076923076925,0.2038461538461538,-0.1576923076923077,0.1915384615384615,-0.1223076923076923,-0.3399999999999999,0.236153846153846,-0.0346153846153845,-0.0415384615384615,-0.2484615384615384,0.1253846153846153,-0.0961538461538461,-0.043076923076923,-0.1261538461538461,0.2292307692307691,0.0407692307692307,8
0,Costa90,0.1153846153846154,-0.2407692307692307,-0.0469230769230768,-0.1407692307692307,0.1138461538461538,-0.0784615384615384,0.0015384615384615,0.5138461538461538,-0.2123076923076923,-0.2207692307692307,0.6584615384615385,0.0630769230769231,0.0576923076923077,-0.3284615384615384,-0.1776923076923077,-0.4,13
0,Morocco86,-0.0430769230769231,-0.1646153846153845,-0.09,-0.2,1.0630769230769233,0.873846153846154,-0.1846153846153845,0.1915384615384615,0.5707692307692308,1.036923076923077,0.3876923076923076,0.8846153846153846,0.1284615384615385,0.2776923076923077,0.0984615384615384,-0.1007692307692307,11
1,Morocco94,-0.1207692307692308,0.1799999999999999,0.0623076923076923,0.0276923076923077,-0.2984615384615385,-0.0238461538461538,0.1223076923076923,0.2423076923076923,0.0161538461538461,-0.3492307692307692,-0.0499999999999999,0.0138461538461538,0.0053846153846152,-0.0384615384615384,-0.01,0.07,23
2,Morocco98,0.3723076923076924,-0.1792307692307692,-0.266923076923077,-0.0669230769230769,0.4853846153846153,0.3653846153846153,0.3676923076923077,0.3692307692307693,0.4976923076923076,0.3807692307692307,0.1838461538461538,0.1538461538461538,0.2715384615384615,0.26,-0.14,-0.0815384615384615,18
0,Poland82,0.2199999999999999,0.0284615384615384,0.1776923076923077,0.1123076923076923,-0.393076923076923,-0.0976923076923076,-0.0807692307692307,-0.013076923076923,-0.4007692307692308,-0.3823076923076923,-0.1338461538461537,-0.2069230769230768,-0.2146153846153846,0.4123076923076924,0.133076923076923,-0.0353846153846153,3
1,Poland82,-0.2746153846153846,-0.0507692307692307,0.1292307692307691,-0.05,0.3053846153846153,0.47,0.3207692307692307,0.37,0.1707692307692307,-0.1184615384615384,0.0623076923076923,-0.1146153846153846,-0.0269230769230768,0.0399999999999999,-0.0976923076923076,-0.0538461538461538,14
0,Tunisia98,-0.2615384615384615,0.1615384615384614,0.0769230769230768,-0.0469230769230769,-0.2084615384615384,-0.0392307692307692,-0.3338461538461539,0.0276923076923076,-0.1746153846153846,-0.0638461538461538,0.1938461538461538,0.0169230769230769,-0.0161538461538462,0.4661538461538462,-0.0476923076923077,-0.073076923076923,26
0,Japan98,-0.2615384615384615,0.2076923076923077,0.176153846153846,0.2361538461538461,0.2392307692307693,0.1761538461538461,-0.0753846153846153,-0.1884615384615384,-0.0769230769230769,-0.1692307692307692,-0.2792307692307692,0.4261538461538461,-0.1115384615384615,0.7007692307692307,0.513076923076923,0.0053846153846154,31
0,Argentina82,0.2346153846153845,0.4053846153846155,0.2007692307692307,0.5546153846153847,0.3707692307692307,0.3315384615384614,0.3507692307692306,0.0269230769230769,1.1146153846153846,0.4976923076923077,-0.3923076923076923,-0.0846153846153845,0.4799999999999997,0.0176923076923077,0.5146153846153846,0.296153846153846,11
1,Argentina86,0.5361538461538461,0.1707692307692307,0.1661538461538461,0.1907692307692308,-0.1676923076923076,-0.1961538461538461,0.5576923076923077,-0.2046153846153846,-0.0638461538461538,0.343076923076923,0.1776923076923077,0.3338461538461537,0.1284615384615383,-0.0346153846153846,0.4700000000000001,0.2284615384615384,1
2,Argentina90,-0.0707692307692307,-0.3684615384615384,-0.4938461538461539,-0.2476923076923077,-0.6815384615384615,-0.536923076923077,-0.21,-0.4276923076923076,-0.5392307692307692,-0.6223076923076923,-0.3138461538461538,-0.3076923076923076,-0.2369230769230769,-0.2007692307692307,-0.4053846153846153,-0.5261538461538462,2
3,Argentina94,0.4200000000000001,0.6592307692307691,0.4723076923076924,0.6169230769230768,0.4523076923076922,0.0569230769230769,1.1007692307692305,0.3669230769230769,0.5938461538461538,0.5584615384615385,-0.4638461538461538,-0.183076923076923,-0.1215384615384615,0.0946153846153846,0.8269230769230771,0.9907692307692308,10
4,Argentina98,0.4723076923076924,0.4584615384615386,-0.0238461538461539,0.0784615384615384,0.416923076923077,0.2738461538461539,0.6930769230769231,0.5130769230769231,0.1299999999999999,0.1784615384615384,-0.2392307692307693,0.0215384615384615,-0.3184615384615384,0.2046153846153846,0.463076923076923,0.5215384615384615,6
0,Slovakia10,0.2646153846153843,0.0053846153846154,-0.1484615384615384,-0.0492307692307692,-0.1784615384615384,-0.2469230769230769,-0.06,-0.2323076923076923,-0.2569230769230769,-0.5007692307692307,-0.033076923076923,-0.0423076923076922,0.0938461538461537,0.0492307692307692,-0.1007692307692307,-0.1838461538461538,16
0,Iraq86,-0.2353846153846154,-0.3161538461538462,-0.0753846153846154,-0.2892307692307692,-0.4123076923076922,-0.1853846153846153,0.1023076923076923,-0.0615384615384615,-0.4430769230769231,-0.1876923076923077,0.1292307692307693,-0.2846153846153846,0.3384615384615385,0.0853846153846154,-0.5153846153846154,-0.266923076923077,23
0,Jamaica98,0.0553846153846154,-0.3692307692307692,-0.3161538461538462,-0.2523076923076923,0.173076923076923,-0.0484615384615385,0.1092307692307691,-0.0992307692307692,-0.1392307692307692,-0.0992307692307692,0.2453846153846153,-0.0623076923076923,-0.3038461538461537,-0.0323076923076923,-0.1961538461538461,-0.3784615384615384,22
0,Kuwait82,-0.1938461538461538,-0.1246153846153845,-0.123076923076923,-0.243076923076923,0.3053846153846154,-0.0853846153846153,0.0338461538461538,0.4223076923076924,0.2861538461538461,0.2330769230769231,-0.0284615384615384,-0.0899999999999999,-0.446923076923077,-0.2161538461538461,-0.06,-0.2546153846153846,22
0,ElSalvador82,-0.3469230769230769,-0.306153846153846,-0.2661538461538461,-0.4369230769230769,0.0399999999999999,-0.1584615384615384,0.2615384615384614,-0.3861538461538462,-0.2707692307692308,-0.0946153846153846,0.4423076923076923,0.3769230769230768,-0.3961538461538462,0.1830769230769232,-0.26,-0.5546153846153845,24
0,China02,-0.4100000000000001,-0.4153846153846154,-0.2907692307692308,-0.3130769230769231,-0.2161538461538462,-0.2615384615384615,-0.0338461538461538,-0.093076923076923,-0.3523076923076923,-0.1938461538461539,-0.1607692307692307,-0.1538461538461538,-0.3769230769230768,-0.4246153846153845,-0.1323076923076923,-0.526923076923077,31
0,Turkey02,0.2546153846153846,-0.1223076923076923,0.1184615384615385,0.0692307692307692,0.0069230769230769,0.0161538461538461,0.0099999999999999,-0.0853846153846153,0.2823076923076922,0.2607692307692308,-0.1538461538461538,-0.0907692307692307,-0.1276923076923077,-0.0184615384615384,-0.1907692307692308,0.1053846153846153,3
0,Ukrain06,0.1223076923076923,0.1438461538461537,-0.0269230769230769,-0.2423076923076923,-0.0646153846153846,-0.2453846153846153,-0.0899999999999999,-0.0738461538461538,0.2615384615384615,0.1061538461538461,-0.1161538461538461,0.0561538461538461,0.003076923076923,0.16,0.063076923076923,-0.2292307692307692,8
0,Bolivia94,-0.2553846153846154,-0.1869230769230769,-0.1046153846153846,-0.1938461538461539,-0.0776923076923076,-0.0915384615384615,-0.0923076923076922,0.1607692307692307,-0.1792307692307692,-0.3269230769230769,0.0692307692307692,-0.2746153846153846,-0.3030769230769231,-0.3961538461538462,0.6792307692307692,-0.4653846153846155,21
0,CzechRepublic06,0.1576923076923077,0.0223076923076922,0.1699999999999999,0.0223076923076923,0.0969230769230769,0.0469230769230769,-0.3338461538461538,0.2799999999999998,0.0415384615384615,0.373076923076923,-0.1992307692307692,-0.1384615384615385,-0.0192307692307691,0.0623076923076923,0.13,0.0223076923076922,20
0,Angola06,-0.2276923076923076,-0.1669230769230769,-0.3876923076923076,-0.3623076923076923,-0.3446153846153846,-0.1638461538461539,-0.1553846153846154,-0.5207692307692308,-0.4238461538461538,-0.3030769230769231,0.3676923076923077,-0.08,0.3976923076923078,0.6692307692307693,-0.1407692307692307,-0.5723076923076922,23
0,Italy82,0.2861538461538461,0.0692307692307692,0.0138461538461538,-0.04,-0.0953846153846153,0.0415384615384615,0.0546153846153846,-0.23,-0.1015384615384615,-0.2207692307692307,0.0338461538461538,0.1984615384615385,0.07,0.35,0.4546153846153846,-0.1938461538461538,1
1,Italy86,0.0730769230769231,0.2992307692307692,0.3046153846153845,0.2399999999999999,0.4069230769230768,0.3653846153846155,0.0169230769230768,0.2123076923076924,-0.173076923076923,0.32,-0.0684615384615384,0.6338461538461537,-0.39,0.3,0.6638461538461538,0.1023076923076922,12
2,Italy90,0.3092307692307693,0.3299999999999999,0.1038461538461538,0.1476923076923076,-0.0007692307692307,-0.3115384615384615,0.1538461538461538,0.1215384615384616,0.0576923076923077,0.213076923076923,-0.1992307692307692,-0.3138461538461538,0.0469230769230769,-0.1746153846153846,0.4930769230769231,0.1430769230769231,3
3,Italy94,0.0323076923076921,-0.0284615384615384,0.0461538461538461,0.0523076923076923,-0.1476923076923076,-0.1153846153846154,0.1469230769230769,-0.1199999999999999,-0.1584615384615384,-0.2084615384615384,-0.0007692307692307,-0.1146153846153846,0.0807692307692307,-0.0661538461538461,0.3053846153846155,0.0499999999999999,2
4,Italy98,0.2938461538461538,0.1761538461538461,-0.3553846153846154,-0.1123076923076923,-0.1646153846153846,0.0453846153846153,-0.0546153846153845,-0.1138461538461537,-0.0538461538461538,-0.1030769230769231,0.3092307692307692,0.1299999999999999,0.0746153846153846,-0.0107692307692307,0.0815384615384615,-0.1769230769230769,5
5,Italy02,0.1530769230769229,0.1976923076923075,0.0299999999999999,0.0884615384615384,-0.6653846153846155,-0.3476923076923077,-0.1999999999999999,-0.4076923076923077,-0.6461538461538462,-0.6123076923076923,-0.2161538461538461,-0.4553846153846152,-0.0646153846153846,-0.1369230769230769,0.0953846153846152,-0.1184615384615384,15
6,Italy06,0.4846153846153848,0.213076923076923,-0.1038461538461538,0.2023076923076923,-0.1161538461538461,-0.0915384615384615,-0.2553846153846154,-0.0930769230769231,-0.2515384615384615,-0.1123076923076922,0.1092307692307692,0.1269230769230769,0.1,-0.3776923076923077,0.18,0.1807692307692307,1
7,Italy10,0.3107692307692305,0.4246153846153845,0.3623076923076924,0.256923076923077,0.0353846153846153,0.0730769230769231,-0.0392307692307692,-0.24,0.763846153846154,0.3153846153846154,-0.2992307692307693,-0.28,0.5192307692307693,-0.003076923076923,0.3607692307692308,0.1076923076923077,26
8,Italy14,-0.093076923076923,-0.1976923076923076,-0.3669230769230769,-0.4346153846153846,0.5315384615384615,0.1815384615384615,-0.2484615384615384,-0.0853846153846153,0.1692307692307692,0.8792307692307694,-0.0823076923076922,0.4630769230769231,-0.2892307692307692,0.0776923076923077,0.2676923076923077,-0.443076923076923,22
0,Paraguay86,0.0730769230769231,0.0861538461538461,-0.0023076923076923,0.1399999999999999,0.2961538461538461,0.3984615384615384,0.1169230769230768,-0.3692307692307692,0.24,0.0807692307692307,0.1938461538461538,0.2538461538461539,0.6476923076923076,0.3000000000000001,0.7607692307692311,0.4,13
1,Paraguay98,-0.0923076923076922,-0.1876923076923077,-0.3207692307692308,-0.2753846153846154,-0.3584615384615384,-0.1923076923076922,-0.0715384615384615,-0.3176923076923076,-0.0523076923076923,-0.1338461538461538,0.6153846153846155,0.6715384615384615,0.0869230769230769,-0.1123076923076923,-0.0584615384615384,-0.3123076923076923,14
2,Paraguay02,0.1984615384615383,0.063076923076923,0.1476923076923076,0.0484615384615383,-0.1769230769230769,-0.1184615384615384,-0.1515384615384615,-0.0669230769230769,-0.21,-0.3007692307692308,0.046153846153846,0.0046153846153846,0.4230769230769232,0.0169230769230769,-0.0561538461538461,0.1299999999999999,16
3,Paraguay06,-0.2276923076923076,-0.0307692307692307,-0.0323076923076923,-0.0269230769230769,-0.1284615384615385,0.1361538461538461,-0.1553846153846153,-0.1023076923076923,0.1615384615384615,-0.0423076923076923,0.3576923076923077,-0.0107692307692308,0.3592307692307692,-0.1269230769230769,0.0099999999999999,-0.1615384615384615,18
4,Paraguay10,-0.0999999999999999,-0.14,-0.3023076923076923,0.2938461538461538,-0.183076923076923,-0.0884615384615384,-0.2323076923076922,-0.3084615384615384,0.1261538461538461,-0.2638461538461538,0.0092307692307692,-0.1499999999999999,0.1899999999999999,0.1307692307692307,0.1584615384615385,-0.1861538461538461,8
0,Russia82,0.1407692307692307,-0.0607692307692307,0.0284615384615384,0.0784615384615384,0.0869230769230769,0.2446153846153846,-0.1484615384615384,0.1315384615384615,0.1499999999999999,-0.1453846153846154,0.1192307692307692,0.2276923076923075,0.1438461538461539,-0.36,-0.0084615384615384,0.1438461538461537,7
1,Russia86,0.786153846153846,0.9469230769230766,0.1492307692307691,0.2423076923076922,-0.2584615384615384,-0.4130769230769232,0.6807692307692305,-0.0915384615384615,0.0899999999999999,0.1369230769230769,-0.5469230769230768,-0.3292307692307693,-0.1276923076923076,-0.1907692307692307,-0.0553846153846153,0.313076923076923,10
2,Russia90,0.2938461538461538,0.2799999999999999,0.0407692307692307,0.1407692307692308,0.2984615384615384,0.0992307692307692,0.0115384615384614,0.2176923076923076,0.5353846153846153,0.2638461538461538,-0.3315384615384615,-0.0161538461538461,-0.4453846153846154,0.0376923076923076,0.2969230769230768,0.3407692307692307,17
3,Russia94,0.5530769230769227,0.4115384615384615,-0.1046153846153846,0.0269230769230768,-0.3523076923076923,-0.2384615384615384,-0.2546153846153846,-0.2684615384615384,-0.1253846153846153,0.0292307692307692,-0.1192307692307692,-0.2792307692307693,-0.1507692307692307,-0.2661538461538461,-0.4061538461538462,-0.21,18
4,Russia02,0.2392307692307691,0.4246153846153845,0.0684615384615384,0.4069230769230769,0.0015384615384615,0.0007692307692307,-0.2507692307692307,-0.0515384615384615,0.0084615384615384,0.1576923076923077,-0.3953846153846153,-0.5199999999999998,0.0407692307692307,0.0961538461538461,0.1707692307692306,0.4092307692307692,22
5,Russia14,-0.093076923076923,-0.0676923076923076,0.2723076923076923,0.1084615384615385,0.023076923076923,0.1338461538461538,-0.2146153846153846,0.5615384615384615,0.4192307692307692,0.0984615384615385,0.15,-0.1369230769230769,-0.1038461538461538,0.1861538461538461,-0.1630769230769231,-0.0015384615384615,24
6,Russia18,0.5723076923076923,0.0061538461538461,-0.0376923076923076,0.0761538461538462,-0.4169230769230769,-0.1538461538461538,-0.1707692307692307,-0.1915384615384615,-0.4661538461538462,-0.1076923076923076,0.3446153846153847,-0.0723076923076923,0.683076923076923,0.3653846153846153,-0.1384615384615384,-0.0176923076923076,8
0,Algeria82,0.2653846153846154,0.2484615384615384,-0.0753846153846154,0.0369230769230768,-0.1092307692307692,-0.2069230769230769,-0.0246153846153846,0.3992307692307693,-0.3553846153846154,-0.2138461538461538,0.3438461538461539,0.16,0.063076923076923,-0.0469230769230768,0.063076923076923,-0.0846153846153846,13
1,Algeria86,-0.2353846153846154,-0.3015384615384616,-0.3676923076923077,-0.4230769230769231,0.4138461538461538,-0.0746153846153845,-0.1676923076923077,0.3699999999999999,0.1992307692307692,0.0161538461538461,0.44,0.5115384615384614,0.1307692307692307,-0.2623076923076923,-0.3592307692307693,-0.3769230769230769,22
2,Algeria10,-0.4,-0.1046153846153846,0.4715384615384616,-0.0592307692307692,0.2699999999999999,0.0461538461538461,-0.04,0.2046153846153846,0.1423076923076923,0.4853846153846153,0.3292307692307692,-0.003076923076923,0.1976923076923077,0.3992307692307691,0.0115384615384615,0.0207692307692307,28
3,Algeria14,0.3869230769230771,0.2084615384615385,-0.1384615384615384,-0.0792307692307692,-0.3838461538461538,-0.3938461538461538,-0.0815384615384615,-0.2999999999999999,-0.376153846153846,-0.2761538461538462,0.1707692307692307,-0.2692307692307692,0.1023076923076923,0.0238461538461538,-0.1453846153846154,-0.2784615384615385,14
0,Chile82,-0.0407692307692307,0.3423076923076925,-0.1707692307692307,0.0692307692307692,0.0546153846153845,-0.0707692307692307,0.4915384615384614,0.2915384615384617,-0.1846153846153846,0.3469230769230769,-0.0515384615384615,-0.2484615384615384,-0.2423076923076923,0.0392307692307692,0.1876923076923076,0.1007692307692308,22
1,Chile98,0.1738461538461539,0.0076923076923076,0.4092307692307692,0.1953846153846154,0.2084615384615385,0.0292307692307692,-0.0753846153846153,-0.1369230769230769,0.2115384615384615,0.2561538461538462,-0.0307692307692307,-0.13,0.2992307692307693,-0.2023076923076923,0.3576923076923078,0.2038461538461539,16
2,Chile10,-0.0007692307692307,0.1053846153846153,-0.0238461538461538,0.4784615384615385,-0.3292307692307691,-0.2215384615384615,0.4623076923076923,0.2184615384615384,0.453076923076923,-0.0853846153846153,-0.4676923076923077,-0.4669230769230771,-0.113076923076923,0.283076923076923,0.3053846153846154,0.4738461538461537,10
3,Chile14,0.2707692307692309,-0.0938461538461537,-0.1384615384615384,0.1015384615384614,0.4346153846153845,0.3746153846153846,0.1938461538461539,-0.3353846153846153,0.1861538461538461,0.24,0.0984615384615385,0.1692307692307692,-0.0023076923076923,0.2223076923076923,0.6807692307692308,0.1515384615384615,9
0,Yugoslavia82,-0.1938461538461538,0.0938461538461538,0.2576923076923076,-0.103076923076923,0.3923076923076922,0.5961538461538461,0.55,0.2207692307692307,0.4823076923076924,0.98,-0.2738461538461538,0.1869230769230769,0.0107692307692307,0.3261538461538462,0.1638461538461538,0.3684615384615386,16
1,Yugoslavia90,0.3346153846153847,-0.0646153846153846,0.2315384615384615,0.0192307692307692,-0.1876923076923076,-0.0230769230769231,0.1876923076923077,0.2684615384615385,-0.3323076923076923,-0.2030769230769231,-0.11,0.0038461538461538,-0.19,-0.3261538461538462,0.1907692307692308,0.173076923076923,5
2,Yugoslavia98,0.1730769230769231,0.0192307692307691,-0.1807692307692308,-0.1546153846153846,-0.3346153846153846,-0.3053846153846154,-0.1861538461538461,-0.0438461538461538,-0.2969230769230769,-0.5107692307692309,0.1292307692307692,-0.0876923076923077,-0.1538461538461538,-0.1361538461538461,0.2461538461538462,-0.2976923076923077,10
0,Scotland82,0.7246153846153847,0.2161538461538462,0.1623076923076923,0.5430769230769232,0.1061538461538461,0.1707692307692308,-0.1107692307692307,-0.1469230769230769,-0.5923076923076922,0.1015384615384615,-0.1999999999999999,0.4984615384615385,0.3176923076923076,0.0384615384615384,-0.2346153846153846,0.3061538461538462,15
1,Scotland86,-0.2353846153846154,-0.1761538461538461,0.4507692307692307,0.6284615384615384,0.1123076923076922,0.3892307692307692,-0.3353846153846154,-0.1969230769230769,0.0307692307692307,-0.3061538461538461,-0.343076923076923,-0.2915384615384616,-0.1461538461538461,-0.1669230769230769,-0.23,0.2338461538461538,19
2,Scotland90,-0.063076923076923,0.3323076923076922,0.3838461538461537,0.3061538461538464,-0.3107692307692308,-0.2838461538461538,-0.3884615384615385,-0.383076923076923,-0.3738461538461539,-0.4738461538461538,-0.2738461538461538,-0.3092307692307692,0.1976923076923076,-0.3784615384615384,-0.3861538461538462,0.28,18
3,Scotland98,-0.103076923076923,0.1876923076923077,0.2253846153846153,0.2476923076923076,0.4492307692307692,0.3061538461538461,-0.1492307692307692,-0.0976923076923077,0.5776923076923076,-0.18,0.073076923076923,-0.1584615384615385,0.5553846153846155,-0.0061538461538461,0.3646153846153845,-0.0338461538461538,27
0,Romania90,0.0738461538461539,0.2561538461538462,0.1461538461538461,0.0576923076923077,0.5969230769230769,0.0176923076923076,0.8346153846153845,1.0923076923076922,0.7284615384615385,0.7076923076923076,0.0469230769230769,0.1746153846153846,-0.2646153846153846,0.1376923076923076,0.3307692307692307,-0.0576923076923077,12
1,Romania94,0.3684615384615386,-0.0269230769230769,-0.3838461538461538,-0.043076923076923,0.1261538461538462,-0.1769230769230769,0.2861538461538461,0.5615384615384615,-0.3015384615384616,-0.4523076923076923,0.2838461538461538,-0.1369230769230769,0.1161538461538461,0.0884615384615385,0.2153846153846153,-0.2746153846153846,6
2,Romania98,0.0546153846153846,-0.1353846153846154,-0.4015384615384615,-0.1630769230769231,0.2599999999999999,-0.0507692307692307,-0.0199999999999999,0.3476923076923077,-0.18,0.2799999999999999,-0.0915384615384615,-0.1792307692307692,-0.2492307692307691,-0.203076923076923,-0.1523076923076923,-0.3453846153846154,11
0,Greece94,-0.39,-0.2330769230769231,0.6115384615384616,-0.1669230769230769,-0.0315384615384615,-0.0738461538461538,0.0146153846153846,-0.0715384615384615,0.0707692307692307,0.3569230769230769,-0.2392307692307692,0.0007692307692307,-0.3538461538461538,-0.2323076923076922,0.3169230769230768,0.0338461538461538,24
1,Greece10,-0.0446153846153845,-0.0884615384615384,-0.2438461538461538,-0.1453846153846153,-0.4830769230769232,-0.3,-0.3876923076923078,-0.2238461538461539,-0.3353846153846154,-0.5369230769230771,-0.0615384615384615,0.1461538461538462,-0.2169230769230769,-0.3461538461538461,-0.4992307692307692,-0.2376923076923077,25
2,Greece10,-0.0792307692307692,0.183076923076923,-0.0576923076923076,-0.0023076923076923,-0.3753846153846154,-0.2823076923076923,0.1930769230769229,0.2561538461538462,-0.11,-0.3923076923076922,-0.0792307692307692,-0.3423076923076923,0.2738461538461537,-0.1007692307692307,0.3838461538461538,-0.1630769230769231,14
0,Honduras82,-0.1938461538461538,-0.2607692307692307,-0.4092307692307691,-0.4476923076923076,-0.1869230769230769,-0.2938461538461538,0.1761538461538461,-0.3030769230769231,-0.0438461538461538,0.1015384615384615,0.7138461538461537,-0.1138461538461538,0.4176923076923077,-0.2453846153846153,-0.2092307692307691,-0.3876923076923076,18
1,Honduras10,-0.4,-0.4669230769230769,-0.3538461538461538,-0.6346153846153846,-0.5169230769230769,-0.0907692307692307,-0.3007692307692308,-0.3592307692307692,-0.5715384615384617,-0.513846153846154,0.1776923076923076,0.0461538461538461,-0.0792307692307691,-0.1915384615384615,-0.2107692307692307,-0.6992307692307695,30
2,Honduras14,-0.2615384615384615,-0.3253846153846153,-0.25,-0.5161538461538462,-0.2007692307692307,-0.2038461538461539,-0.3476923076923077,-0.3823076923076923,-0.2676923076923078,0.14,-0.1169230769230769,0.0146153846153846,0.0492307692307692,0.0046153846153846,0.1353846153846154,-0.2746153846153846,14
0,Austria82,-0.0415384615384615,-0.2176923076923076,-0.2284615384615384,-0.2146153846153846,-0.0699999999999999,-0.1892307692307692,-0.1838461538461538,0.1761538461538461,0.1792307692307692,-0.2284615384615384,-0.3023076923076923,0.0176923076923077,-0.4361538461538462,-0.2053846153846153,-0.1253846153846154,-0.2976923076923077,8
1,Austria90,-0.063076923076923,-0.0638461538461538,-0.2476923076923077,-0.2515384615384616,-0.3946153846153847,-0.1807692307692307,0.0476923076923076,0.3853846153846154,-0.2438461538461538,-0.1830769230769231,-0.0961538461538461,0.2746153846153846,-0.2946153846153846,-0.0453846153846153,0.1199999999999999,-0.2538461538461538,18
2,Austria98,0.0553846153846154,0.2107692307692308,0.176153846153846,0.2784615384615383,-0.1438461538461538,-0.0776923076923077,-0.223076923076923,-0.3153846153846154,0.083076923076923,0.1907692307692307,-0.1576923076923077,0.0738461538461538,0.3323076923076923,0.4661538461538462,0.0684615384615384,0.1338461538461539,23
0,Bulgaria86,-0.1592307692307692,-0.3161538461538461,-0.1338461538461538,-0.5000000000000001,-0.1892307692307692,-0.0007692307692307,-0.2592307692307692,0.0123076923076923,-0.0415384615384615,-0.1699999999999999,0.3161538461538462,-0.0776923076923077,-0.1815384615384614,-0.1023076923076923,-0.2338461538461539,-0.3723076923076923,15
1,Bulgaria94,0.1623076923076923,0.2123076923076922,-0.1723076923076923,-0.2276923076923077,-0.0715384615384615,-0.0292307692307692,0.0846153846153846,-0.1115384615384615,-0.2192307692307692,-0.2161538461538462,-0.1223076923076922,-0.15,-0.326923076923077,-0.1238461538461538,0.2884615384615385,-0.2023076923076923,4
2,Bulgaria98,-0.2615384615384615,0.1076923076923076,-0.2176923076923077,0.3123076923076923,-0.1846153846153846,-0.0253846153846153,0.1830769230769231,0.1184615384615384,-0.1446153846153846,-0.0846153846153846,-0.2176923076923076,-0.2430769230769231,-0.1123076923076923,0.553076923076923,0.3638461538461538,0.1507692307692307,29
0,IvoryCoast06,0.5423076923076924,0.7184615384615385,-0.083076923076923,0.2238461538461537,-0.1315384615384615,0.0753846153846154,-0.1115384615384615,-0.1207692307692307,-0.2115384615384616,-0.4007692307692307,-0.153076923076923,-0.3476923076923078,-0.3969230769230769,-0.3846153846153847,0.01,-0.0269230769230769,19
1,IvoryCoast10,0.3107692307692305,0.1261538461538462,0.6376923076923077,0.6884615384615387,0.3776923076923076,0.26,0.2215384615384615,0.9107692307692308,0.0538461538461538,0.2592307692307692,-0.3384615384615385,-0.4169230769230769,-0.1707692307692307,0.3684615384615384,0.2353846153846154,0.5976923076923077,17
2,IvoryCoast14,0.243846153846154,0.0646153846153846,0.0976923076923076,0.3123076923076923,0.3307692307692307,0.3992307692307691,0.2161538461538461,-0.0515384615384615,0.3492307692307692,0.5292307692307692,0.2669230769230769,0.1761538461538461,-0.0123076923076923,0.5092307692307692,-0.0307692307692307,0.19,21
0,SouthAfrica98,0.0553846153846154,0.2661538461538462,0.0769230769230769,0.2146153846153845,0.21,0.3269230769230768,-0.1123076923076923,0.2615384615384615,0.2269230769230768,0.1984615384615384,-0.1069230769230769,0.7338461538461538,0.1423076923076923,-0.0630769230769231,-0.3738461538461538,0.0023076923076923,24
1,SouthAfrica02,0.4015384615384614,0.3207692307692307,0.1584615384615384,0.1369230769230769,0.4453846153846153,0.5276923076923078,0.5753846153846155,-0.0953846153846153,0.1738461538461538,0.4946153846153847,0.0861538461538462,-0.0215384615384615,-0.0253846153846153,0.5307692307692309,0.0346153846153846,0.1223076923076923,17
2,SouthAfrica10,0.1330769230769229,0.1484615384615384,0.0307692307692307,-0.1892307692307692,0.0846153846153845,-0.0138461538461538,-0.3023076923076923,-0.3269230769230769,-0.1284615384615384,0.2576923076923077,-0.1746153846153846,0.0346153846153845,0.0130769230769231,-0.1284615384615384,-0.2107692307692307,-0.2207692307692308,10
0,RepIreland90,-0.2199999999999999,-0.2253846153846154,0.1253846153846154,0.1523076923076922,-0.2838461538461538,-0.1323076923076922,-0.4561538461538461,-0.4238461538461539,-0.2676923076923078,-0.293076923076923,0.0361538461538461,-0.2738461538461538,0.546923076923077,0.2807692307692307,-0.2153846153846154,0.2323076923076922,8
1,RepIreland94,-0.1869230769230769,-0.1838461538461538,0.2253846153846153,0.003076923076923,0.0515384615384615,0.0246153846153846,-0.2161538461538461,-0.1015384615384615,-0.2961538461538461,0.2853846153846154,0.0653846153846153,-0.2923076923076922,0.8784615384615383,0.0453846153846153,0.2599999999999999,-0.0123076923076923,16
2,RepIreland02,0.2646153846153845,0.3946153846153845,-0.0946153846153846,0.2176923076923076,0.2907692307692308,0.0623076923076923,0.0999999999999999,0.2415384615384616,-0.3284615384615384,-0.1976923076923076,-0.0976923076923076,-0.0423076923076923,-0.0192307692307692,-0.0153846153846153,8.540177112501205e-17,0.0946153846153846,12
0,Slovenia02,-0.0853846153846153,-0.213076923076923,-0.38,-0.0169230769230769,-0.3892307692307692,-0.3676923076923076,-0.1192307692307692,-0.1592307692307692,-0.0569230769230769,-0.2784615384615385,0.0630769230769231,0.2438461538461538,0.0715384615384615,-0.0769230769230769,0.0615384615384615,-0.3015384615384615,30
1,Slovenia10,0.2646153846153843,0.0053846153846154,-0.1484615384615384,-0.0492307692307692,-0.1784615384615384,-0.2469230769230769,-0.06,-0.2323076923076923,-0.2569230769230769,-0.5007692307692307,-0.033076923076923,-0.0423076923076922,0.0938461538461537,0.0492307692307692,-0.1007692307692307,-0.1838461538461538,18
0,Czechoslovakia82,-0.1938461538461538,0.2284615384615385,-0.3138461538461538,-0.1676923076923077,-0.563076923076923,-0.5346153846153846,0.0623076923076922,-0.1007692307692307,-0.3153846153846154,-0.4469230769230768,-0.0646153846153845,-0.3492307692307692,-0.1930769230769231,-0.3315384615384615,-0.1353846153846153,-0.3623076923076923,19
1,Czechoslovakia90,0.5423076923076925,0.8930769230769229,0.693076923076923,0.5407692307692307,0.1176923076923076,0.2253846153846153,0.1069230769230769,0.3899999999999999,-0.2223076923076923,0.1469230769230769,0.0007692307692307,0.4069230769230769,0.2207692307692307,0.5692307692307693,0.2361538461538462,0.6923076923076924,6
0,Hungary86,-0.0807692307692308,-0.2438461538461538,-0.1338461538461539,-0.2761538461538462,0.0961538461538461,0.1246153846153846,-0.2007692307692307,0.1023076923076922,0.0599999999999999,-0.0730769230769231,0.0623076923076922,-0.3430769230769232,-0.0076923076923076,-0.3253846153846154,-0.1523076923076922,-0.3315384615384615,18
0,Egypt90,-0.2415384615384615,0.0323076923076923,-0.3630769230769231,-0.2523076923076923,-0.0707692307692307,-0.2,0.0123076923076922,-0.5323076923076923,-0.14,-0.2138461538461538,0.6930769230769229,-0.3669230769230769,0.3869230769230769,0.1507692307692308,0.1953846153846153,-0.3215384615384616,20
1,Egypt18,-0.0669230769230768,-0.1476923076923076,0.0284615384615384,-0.05,-0.0761538461538461,0.3146153846153844,-0.2246153846153846,0.1223076923076923,-0.2076923076923077,0.1907692307692307,0.4138461538461539,-0.0446153846153846,-0.0353846153846153,-0.1738461538461539,-0.3238461538461539,-0.0069230769230769,31
0,Norway94,-0.2553846153846154,-0.2523076923076923,-0.1038461538461538,0.1600000000000001,-0.4684615384615385,-0.2307692307692308,-0.4430769230769231,-0.4846153846153846,-0.5315384615384615,-0.5430769230769232,0.4138461538461539,-0.1215384615384615,0.8776923076923075,0.4184615384615384,-0.2407692307692308,-0.1223076923076922,17
1,Norway98,0.0538461538461539,0.1938461538461538,0.556153846153846,0.2615384615384615,-0.2007692307692307,0.173076923076923,-0.2138461538461538,-0.1376923076923077,-0.4784615384615385,-0.5530769230769231,0.1492307692307692,-0.2361538461538462,0.7992307692307693,-0.0476923076923076,-0.2207692307692308,0.5769230769230769,15
0,Peru82,-0.1938461538461538,0.18,-0.0761538461538461,0.1553846153846154,0.2115384615384615,0.3769230769230769,0.1192307692307691,-0.0992307692307692,0.183076923076923,0.1815384615384615,0.1330769230769231,0.1192307692307692,0.113076923076923,0.64,0.833076923076923,0.37,20
1,Peru18,-0.0661538461538461,-0.1438461538461538,-0.1507692307692307,0.2561538461538462,0.1853846153846154,0.3669230769230769,-0.0023076923076923,0.2399999999999999,0.5423076923076923,0.2061538461538461,0.3807692307692308,0.153076923076923,0.0092307692307692,-0.1007692307692308,0.133076923076923,-0.0807692307692307,20
0,NewZealand82,-0.1938461538461538,-0.2907692307692307,-0.0753846153846153,-0.3723076923076923,-0.38,-0.2115384615384615,-0.3399999999999999,-0.6369230769230769,-0.6115384615384615,-0.5884615384615384,0.3423076923076922,-0.0992307692307692,0.2661538461538461,-0.3599999999999999,-0.2092307692307692,-0.31,23
1,NewZealand10,-0.0446153846153845,-0.3146153846153846,-0.0784615384615384,-0.2323076923076922,-0.153076923076923,-0.0761538461538461,0.0046153846153846,-0.446153846153846,-0.5376923076923077,-0.3299999999999999,0.5315384615384615,-0.0815384615384615,-0.033076923076923,0.7415384615384615,0.1069230769230769,-0.1292307692307692,22
0,Bosnia14,0.243846153846154,-0.0053846153846153,0.3892307692307691,0.2184615384615384,0.2084615384615385,0.0492307692307692,0.5476923076923079,0.053076923076923,0.4615384615384614,0.2223076923076922,-0.2915384615384615,0.243846153846154,-0.4723076923076924,-0.0676923076923077,-0.2292307692307692,0.2992307692307693,20
0,Panama16,-0.42,-0.2299999999999999,-0.1507692307692307,-0.4353846153846153,-0.6876923076923078,-0.4084615384615385,-0.2569230769230769,-0.5861538461538461,-0.6292307692307693,-0.56,-0.1453846153846154,-0.4046153846153846,-0.5092307692307692,-0.1730769230769231,-0.1930769230769231,-0.3692307692307693,32
0,UAE90,-0.063076923076923,-0.1807692307692307,-0.3053846153846153,-0.2015384615384614,-0.1461538461538461,-0.0092307692307692,-0.4261538461538461,-0.2992307692307692,-0.556923076923077,-0.2992307692307692,-0.0138461538461538,-0.1653846153846153,-0.3707692307692308,-0.0161538461538461,-0.0323076923076923,-0.2569230769230769,24
0,Iceland18,-0.0661538461538461,0.2999999999999999,0.1476923076923077,0.2446153846153846,-0.4538461538461539,0.0038461538461538,0.0292307692307692,-0.2138461538461538,-0.6346153846153846,-0.443076923076923,0.3953846153846153,-0.2746153846153846,0.2353846153846153,0.0138461538461538,-0.2261538461538461,0.1276923076923077,29
0,usa02,0.176153846153846,0.1007692307692308,0.1938461538461538,0.2261538461538461,-0.153076923076923,-0.0938461538461538,-0.3023076923076923,-0.0638461538461538,-0.0292307692307692,-0.5346153846153846,0.09,0.4261538461538462,0.3276923076923074,-0.0838461538461538,-0.1092307692307692,0.2607692307692307,8
1,usa06,-0.2276923076923076,-0.0569230769230769,0.1707692307692307,0.1353846153846153,0.0115384615384615,-0.2015384615384616,-0.1115384615384615,-0.1392307692307692,0.1053846153846154,-0.0899999999999999,-0.2669230769230769,-0.4623076923076924,0.2846153846153846,0.3515384615384614,0.3099999999999999,-0.0353846153846153,26
2,usa10,0.2146153846153844,0.5230769230769231,-0.1761538461538461,0.2776923076923077,-0.1969230769230769,-0.2453846153846153,-0.0138461538461538,-0.1784615384615384,-0.2284615384615384,-0.25,0.0961538461538461,0.0323076923076923,0.760769230769231,-0.1223076923076923,0.1192307692307692,0.1246153846153845,12
3,usa14,0.0369230769230768,0.0923076923076922,-0.1392307692307692,-0.0399999999999999,-0.02,-0.0038461538461538,0.1253846153846153,0.1684615384615385,-0.1699999999999999,-0.1307692307692307,0.0892307692307692,-0.09,0.083076923076923,-0.0499999999999999,0.0607692307692307,-0.0238461538461538,15
0,USA90,-0.063076923076923,-0.0807692307692307,-0.1907692307692307,-0.0492307692307692,-0.1761538461538462,-0.3415384615384615,0.1938461538461538,-0.2338461538461538,0.0269230769230768,-0.1907692307692307,0.1392307692307693,0.3807692307692308,0.1976923076923077,0.4015384615384617,0.2953846153846154,-0.0584615384615384,23
1,USA94,-0.1869230769230769,-0.2323076923076923,-0.1038461538461538,-0.2538461538461538,-0.2207692307692308,-0.24,0.0269230769230769,-0.0653846153846154,-0.3669230769230769,-0.2438461538461538,0.5038461538461539,-0.0184615384615384,-0.1600000000000001,-0.2969230769230769,0.1115384615384615,-0.4438461538461538,14
2,USA98,-0.2615384615384615,-0.2476923076923077,0.0284615384615384,0.1376923076923076,-0.2069230769230769,-0.2830769230769231,-0.3707692307692307,-0.0438461538461538,0.0684615384615385,-0.3915384615384615,-0.4492307692307692,-0.2984615384615385,-0.0484615384615384,-0.4446153846153846,-0.0492307692307692,-0.1538461538461538,32
0,Nigeria94,0.2630769230769232,0.1215384615384615,0.2369230769230768,0.1076923076923076,-0.123076923076923,-0.0999999999999999,0.6723076923076925,0.4876923076923077,-0.2153846153846153,-0.1361538461538461,0.0046153846153846,0.1653846153846154,-0.2353846153846154,0.5838461538461538,-0.28,0.216153846153846,9
1,Nigeria98,0.1723076923076923,0.0746153846153846,0.1138461538461537,0.1061538461538461,-0.2884615384615384,-0.2884615384615384,0.2292307692307691,0.1992307692307692,-0.5176923076923077,-0.47,-0.4015384615384615,-0.266923076923077,-0.2253846153846154,-0.5115384615384616,-0.3076923076923077,0.1584615384615384,12
2,Nigeria02,-0.2476923076923076,-0.0584615384615384,0.023076923076923,-0.0053846153846153,-0.083076923076923,-0.1761538461538461,0.5738461538461538,-0.1584615384615384,-0.0384615384615384,-0.1669230769230769,-0.0969230769230769,0.6830769230769231,-0.4092307692307694,-0.1923076923076923,-0.2976923076923077,0.0746153846153846,27
3,Nigeria10,0.1323076923076922,0.0746153846153846,-0.1884615384615384,-0.3615384615384615,-0.5015384615384615,-0.31,-0.0392307692307692,-0.0353846153846153,-0.6153846153846155,-0.6161538461538463,-0.1376923076923077,-0.2623076923076924,0.1053846153846154,-0.4084615384615384,-0.3069230769230769,-0.3707692307692308,27
4,Nigeria14,-0.0515384615384615,-0.1453846153846154,0.0253846153846153,-0.0776923076923077,0.1523076923076922,-0.1223076923076923,0.4161538461538463,0.6684615384615386,0.1615384615384615,0.0061538461538461,0.2623076923076923,0.0838461538461538,0.1107692307692307,0.2292307692307692,-0.0484615384615384,0.0184615384615384,16
5,Nigeria18,0.11,-0.0046153846153845,-0.0307692307692307,-0.0384615384615384,-0.1823076923076923,0.0623076923076922,0.5684615384615385,-0.1476923076923076,-0.1507692307692307,-0.02,0.1,-0.1423076923076923,-0.0584615384615385,0.2015384615384615,0.2292307692307691,-0.0269230769230769,21
0,Colombia90,0.0730769230769231,0.0046153846153846,-0.013076923076923,0.0476923076923076,0.8738461538461539,0.7907692307692307,0.2007692307692307,-0.0846153846153845,0.2599999999999999,1.156923076923077,-0.1492307692307692,0.1084615384615384,-0.1607692307692308,0.4276923076923078,0.5407692307692309,-0.0715384615384615,14
1,Colombia94,0.0138461538461537,0.2669230769230768,-0.1038461538461538,0.443076923076923,1.0923076923076922,0.6015384615384615,0.5007692307692309,-0.2346153846153846,0.8800000000000001,1.216153846153846,-0.3592307692307692,0.0584615384615384,-0.15,0.29,-0.1761538461538462,0.5684615384615384,19
2,Colombia98,-0.2615384615384615,-0.1692307692307692,-0.2169230769230769,-0.1546153846153846,0.0684615384615384,-0.0884615384615385,0.183076923076923,0.3161538461538461,-0.1776923076923077,0.0807692307692307,-0.1661538461538461,-0.3615384615384615,-0.2699999999999999,0.2899999999999998,0.2453846153846154,-0.1730769230769231,21
3,Colombia14,0.781538461538462,0.2561538461538461,0.0169230769230768,0.2984615384615385,-0.3030769230769231,-0.2438461538461538,0.1176923076923076,0.1153846153846154,-0.0353846153846153,-0.2453846153846153,-0.143076923076923,-0.0476923076923077,-0.2376923076923076,0.3438461538461538,0.4176923076923077,0.353076923076923,5
4,Colombia18,0.3130769230769231,-0.1030769230769231,0.0292307692307692,-0.3192307692307692,-0.0938461538461538,-0.1523076923076923,-0.1423076923076923,-0.1815384615384615,0.0584615384615384,-0.1415384615384615,0.0169230769230769,-0.0184615384615384,0.1215384615384616,0.2123076923076922,0.0830769230769229,-0.1715384615384615,9
0,Sweden18,0.11,0.3384615384615385,-0.0069230769230769,0.0646153846153846,-0.353076923076923,-0.1415384615384615,-0.2115384615384615,-0.3007692307692307,-0.573846153846154,-0.3423076923076923,0.5584615384615386,0.0884615384615384,0.2984615384615384,0.0815384615384615,0.2038461538461538,0.0507692307692307,7
1,Sweden06,0.0138461538461538,0.3369230769230768,0.4861538461538461,0.5676923076923075,0.013076923076923,0.2723076923076923,0.0769230769230769,0.2023076923076923,0.1392307692307692,-0.0199999999999999,-0.0653846153846154,-0.0884615384615384,0.2961538461538461,-0.1523076923076923,-0.1323076923076923,0.6315384615384615,14
2,Sweden02,0.1523076923076922,0.1607692307692308,0.123076923076923,0.0476923076923076,-0.2138461538461538,-0.0015384615384615,-0.11,-0.3784615384615384,-0.1999999999999999,-0.0784615384615384,0.8946153846153846,-0.0507692307692307,0.3369230769230769,0.0046153846153846,0.0384615384615384,-0.0661538461538461,13
3,Sweden94,0.4376923076923077,0.183076923076923,0.1884615384615384,0.3076923076923077,-0.0138461538461538,0.1015384615384615,-0.1161538461538461,0.0561538461538461,-0.3484615384615385,-0.2084615384615385,0.123076923076923,0.1269230769230769,0.8484615384615387,-0.23,0.0469230769230769,0.2307692307692307,3
4,Sweden90,0.1153846153846153,-0.0492307692307692,0.04,0.2684615384615386,0.0653846153846154,0.0353846153846153,-0.1346153846153846,-0.3492307692307692,-0.0892307692307692,0.0169230769230769,-0.153076923076923,-0.2007692307692307,0.6523076923076925,-0.0738461538461538,0.0692307692307691,0.1338461538461539,21
0,SouthKorea18,0.11,0.0323076923076923,-0.15,0.0176923076923076,-0.373076923076923,-0.3230769230769231,0.3769230769230771,-0.1138461538461538,-0.2299999999999999,-0.1546153846153846,0.2976923076923078,-0.1169230769230769,-0.2153846153846153,0.7992307692307692,-0.03,0.1761538461538461,19
1,SouthKorea14,0.0753846153846154,-0.0592307692307692,0.2153846153846153,0.3815384615384615,0.1253846153846153,-0.0838461538461538,0.2815384615384614,0.1399999999999999,-0.0323076923076923,-0.1123076923076922,0.3023076923076923,0.1207692307692308,0.6315384615384615,-0.2476923076923077,0.1346153846153846,0.4815384615384615,20
2,SouthKorea10,0.3984615384615383,0.2584615384615384,-0.1069230769230769,0.1230769230769231,0.0615384615384615,-0.0238461538461538,0.0376923076923077,0.0392307692307692,0.2369230769230769,0.1707692307692308,0.003076923076923,-0.1015384615384615,0.4053846153846153,0.0961538461538461,0.2338461538461538,0.2238461538461538,22
3,SouthKorea06,0.156923076923077,0.0107692307692308,0.3730769230769232,0.3969230769230769,0.3046153846153845,0.0684615384615384,-0.2007692307692307,-0.0115384615384615,0.4623076923076923,0.0899999999999999,-0.1892307692307692,-0.2576923076923077,0.5492307692307693,-0.0638461538461538,0.0692307692307692,0.4299999999999999,20
4,SouthKorea02,0.0953846153846154,0.2507692307692307,0.2469230769230768,0.1184615384615384,0.1,0.0007692307692307,0.0953846153846154,0.1638461538461538,0.4099999999999999,0.2669230769230769,-0.1846153846153846,-0.2253846153846154,0.1492307692307692,0.0346153846153846,0.0823076923076922,0.0623076923076923,30
5,SouthKorea98,-0.103076923076923,-0.2707692307692308,-0.02,-0.35,-0.1592307692307691,0.0115384615384614,-0.1861538461538461,-0.4769230769230769,-0.3423076923076923,-0.2092307692307691,0.3353846153846155,0.1323076923076923,0.3630769230769231,-0.2107692307692308,-0.2553846153846154,-0.223076923076923,4
6,SouthKorea94,0.1484615384615385,0.0799999999999999,0.2823076923076924,0.1369230769230769,-0.0761538461538461,-0.1361538461538461,0.0692307692307692,0.1946153846153846,-0.0053846153846153,-0.2853846153846154,-0.2738461538461538,0.1946153846153846,-0.0961538461538462,0.0269230769230769,-0.0446153846153846,-0.0523076923076922,17
7,SouthKorea90,-0.2415384615384615,-0.3523076923076923,-0.3615384615384615,-0.2138461538461538,-0.3361538461538461,-0.1753846153846153,-0.1699999999999999,-0.3992307692307693,-0.2153846153846153,0.0715384615384615,0.2453846153846154,0.3892307692307691,0.0076923076923077,0.5669230769230769,-0.1838461538461538,-0.3753846153846153,15
8,SouthKorea86,0.2284615384615386,0.0576923076923076,0.2753846153846153,0.2838461538461538,-0.0753846153846154,0.0053846153846153,0.0692307692307692,-0.3323076923076923,0.15,-0.0792307692307692,-0.0992307692307692,0.0138461538461538,0.1307692307692308,0.433076923076923,0.0838461538461538,0.3746153846153846,27
0,Mexico14,0.2007692307692307,-0.0738461538461537,-0.1046153846153846,-0.0776923076923076,-0.1123076923076923,-0.0376923076923077,-0.1553846153846154,-0.1423076923076923,-0.2076923076923077,-0.2815384615384615,-0.1992307692307692,0.0884615384615384,-0.0961538461538461,-0.013076923076923,-0.0715384615384615,-0.03,6
1,Mexico02,0.0769230769230768,0.2384615384615385,0.0792307692307691,0.2615384615384616,1.023076923076923,0.2553846153846154,0.1723076923076922,1.1630769230769231,1.2584615384615383,0.6038461538461538,0.0776923076923076,0.1115384615384615,0.2084615384615384,0.1907692307692307,0.336923076923077,0.2561538461538461,13
2,2,0.5300000000000001,0.4446153846153846,0.1138461538461538,0.2523076923076923,-0.1138461538461538,-0.1015384615384615,0.063076923076923,0.5361538461538462,0.0238461538461538,-0.3561538461538461,-0.4453846153846153,-0.3753846153846153,-0.4161538461538461,-0.4661538461538462,0.0907692307692307,0.2230769230769231,11
3,Mexico98,-0.016923076923077,-0.0253846153846154,-0.3338461538461538,-0.2984615384615384,0.4415384615384615,0.14,-0.0392307692307692,0.3046153846153846,0.3715384615384616,-0.2876923076923077,-0.1138461538461538,0.1669230769230769,-0.1646153846153846,0.0415384615384615,-0.2323076923076923,-0.1630769230769231,15
